iata,name,long,lat,totalflights,numberofdelays,delaypercentage,carrierdelay,weatherdelay,nasdelay,securitydelay,lateaircraftdelay,betweenness,outdegree,indegree
ABE,Lehigh Valley International,40.65236278,-75.44040167,4807.0,867.0,18.0,17334.0,4422.0,24870.0,20.0,14608.0,0.0,0.029801324503311258,0.019867549668874173
ABI,Abilene Regional,32.41132,-99.68189722,2660.0,293.0,11.0,13045.0,4200.0,4585.0,0.0,4314.0,0.0,0.0033112582781456954,0.0033112582781456954
ABQ,Albuquerque International,35.04022222,-106.6091944,41146.0,6703.0,16.0,72554.0,9027.0,64768.0,63.0,204432.0,0.002552799504367757,0.12582781456953643,0.1291390728476821
ABY,Southwest Georgia Regional,31.535515000000004,-84.19447333,1095.0,224.0,20.0,5581.0,2242.0,4509.0,21.0,2292.0,0.0,0.0033112582781456954,0.0033112582781456954
ACK,Nantucket Memorial,41.25305194,-70.06018139,457.0,157.0,34.0,3088.0,1226.0,5312.0,0.0,3943.0,3.6980285592219693e-07,0.006622516556291391,0.009933774834437087
ACT,Waco Regional,31.61128833,-97.23051917,1993.0,246.0,12.0,2902.0,2650.0,2151.0,0.0,6854.0,0.0,0.0033112582781456954,0.0033112582781456954
ACV,Arcata,40.97811528,-124.1086189,3714.0,888.0,23.0,10311.0,2342.0,35724.0,9.0,19018.0,0.00026901619511147126,0.013245033112582781,0.013245033112582781
ACY,Atlantic City International,39.45758333,-74.57716667,116.0,14.0,12.0,1063.0,0.0,930.0,0.0,0.0,0.0,0.006622516556291391,0.0033112582781456954
ADK,Adak,51.87796389,-176.6460306,102.0,22.0,21.0,152.0,0.0,51.0,0.0,820.0,0.0,0.0033112582781456954,0.0033112582781456954
ADQ,Kodiak ,57.74996778,-152.4938553,706.0,120.0,16.0,1080.0,148.0,426.0,276.0,4058.0,0.0,0.0033112582781456954,0.0033112582781456954
AEX,Alexandria International,31.32737167,-92.54855611,2330.0,467.0,20.0,10755.0,5293.0,10528.0,82.0,5473.0,0.0,0.009933774834437087,0.009933774834437087
AGS,Bush ,33.369955,-81.96449611,2403.0,554.0,23.0,11770.0,5020.0,14294.0,40.0,5699.0,0.0,0.009933774834437087,0.009933774834437087
AKN,King Salmon,58.67680167,-156.6492175,116.0,53.0,45.0,681.0,0.0,162.0,88.0,1491.0,0.0,0.006622516556291391,0.0033112582781456954
ALB,Albany Cty,42.74811944,-73.80297861,13474.0,2729.0,20.0,38135.0,12020.0,65729.0,54.0,55429.0,4.643810470283535e-06,0.059602649006622516,0.056291390728476824
ALO,Waterloo Municipal,42.55708139,-92.40034361,323.0,27.0,8.0,2201.0,0.0,296.0,0.0,132.0,0.0,0.0033112582781456954,0.0033112582781456954
AMA,Amarillo International,35.2193725,-101.7059272,7496.0,1140.0,15.0,11409.0,7896.0,9038.0,26.0,39961.0,2.8965054200956895e-05,0.023178807947019868,0.019867549668874173
ANC,Ted Stevens Anchorage International,61.17432028,-149.9961856,19327.0,3332.0,17.0,65329.0,8197.0,28231.0,370.0,61199.0,0.07210662358084305,0.09271523178807947,0.09271523178807947
ASE,Aspen-Pitkin Co/Sardy ,39.22316,-106.868845,5307.0,1226.0,23.0,16678.0,16262.0,17691.0,802.0,29776.0,4.805769375709377e-05,0.023178807947019868,0.029801324503311258
ATL,William B Hartsfield-Atlanta Intl,33.64044444,-84.42694444,414513.0,100706.0,24.0,1905172.0,426651.0,1550494.0,2096.0,1654864.0,0.20952914518675297,0.5695364238410596,0.5728476821192053
ATW,Outagamie County Regional,44.25740806,-88.51947556,5873.0,1194.0,20.0,21763.0,7465.0,31647.0,58.0,22201.0,0.0,0.023178807947019868,0.019867549668874173
AUS,Austin-Bergstrom International,30.19453278,-97.66987194,49623.0,8571.0,17.0,108018.0,16729.0,143296.0,340.0,199975.0,0.0037735067731941674,0.16556291390728478,0.16887417218543047
AVL,Asheville Regional,35.43619444,-82.54180556,4399.0,866.0,19.0,15236.0,4059.0,25386.0,23.0,14758.0,0.0,0.023178807947019868,0.023178807947019868
AVP,Wilkes-Barre/Scranton Intl,41.33814944,-75.72426750000001,2386.0,527.0,22.0,13020.0,2971.0,14136.0,71.0,9126.0,0.0,0.016556291390728478,0.013245033112582781
AZO,Kalamazoo County,42.234875,-85.55205749999999,3924.0,730.0,18.0,11083.0,1499.0,23452.0,35.0,16615.0,1.7988166861476345e-05,0.019867549668874173,0.013245033112582781
BDL,Bradley International,41.93887417,-72.68322833,29449.0,5663.0,19.0,78183.0,23457.0,129413.0,349.0,110398.0,0.0002297313160869164,0.10596026490066225,0.11258278145695365
BET,Bethel,60.77977639,-161.8379975,1035.0,201.0,19.0,1490.0,470.0,402.0,86.0,7549.0,0.0,0.0033112582781456954,0.0033112582781456954
BFL,Meadows ,35.43359806,-119.05676809999999,4502.0,529.0,11.0,8247.0,1155.0,11400.0,50.0,10133.0,4.782981768230095e-07,0.026490066225165563,0.029801324503311258
BGM,Binghamton Regional,42.20848278,-75.97961361,728.0,108.0,14.0,1826.0,725.0,2126.0,0.0,3463.0,0.0,0.0033112582781456954,0.0033112582781456954
BGR,Bangor International,44.80744444,-68.82813889,2879.0,745.0,25.0,12845.0,5705.0,29332.0,16.0,4572.0,1.2865410281662985e-06,0.026490066225165563,0.023178807947019868
BHM,Birmingham International,33.56294306,-86.75354972,23679.0,4622.0,19.0,58156.0,14774.0,94062.0,290.0,110059.0,0.0003287580445558555,0.09933774834437085,0.09933774834437085
BIL,Billings Logan Intl,45.8076625,-108.54286110000001,4505.0,450.0,9.0,5943.0,1961.0,5462.0,57.0,12729.0,0.0,0.013245033112582781,0.013245033112582781
BIS,Bismarck Municipal,46.77411111,-100.74672220000001,2293.0,338.0,14.0,4609.0,1498.0,3833.0,14.0,8392.0,0.0,0.006622516556291391,0.006622516556291391
BJI,Bemidji-Beltrami County,47.50942417,-94.93372333,74.0,6.0,8.0,0.0,0.0,336.0,0.0,47.0,0.0,0.0033112582781456954,0.0033112582781456954
BLI,Bellingham Intl,48.79275,-122.53752779999999,120.0,4.0,3.0,54.0,139.0,25.0,0.0,0.0,0.0,0.0033112582781456954,0.0033112582781456954
BMI,Central Illinois Regional,40.47798556,-88.91595278,4801.0,1082.0,22.0,17396.0,4739.0,29923.0,23.0,24673.0,0.0,0.016556291390728478,0.019867549668874173
BNA,Nashville International,36.12447667,-86.67818222,57539.0,11577.0,20.0,139282.0,23346.0,191910.0,276.0,309389.0,0.0010607448691271756,0.15894039735099338,0.15894039735099338
BOI,Boise Air Terminal,43.56444444,-116.22277779999999,17024.0,2542.0,14.0,29869.0,2298.0,46962.0,366.0,77432.0,0.00012033648270648211,0.056291390728476824,0.056291390728476824
BOS,Gen Edw L Logan Intl,42.3643475,-71.00517917,117915.0,27067.0,22.0,338024.0,94205.0,690867.0,1746.0,532912.0,0.005334885699833588,0.20198675496688742,0.2119205298013245
BPT,Southeast Texas Regional,29.95083333,-94.02069444,276.0,16.0,5.0,724.0,316.0,165.0,0.0,0.0,0.0,0.0033112582781456954,0.0033112582781456954
BQK,Glynco Jetport,31.25902778,-81.46630556,925.0,137.0,14.0,2654.0,1114.0,3093.0,4.0,1663.0,0.0,0.0033112582781456954,0.0033112582781456954
BQN,Rafael Hernandez,18.49486111,-67.12944444,1519.0,205.0,13.0,4906.0,0.0,2077.0,59.0,5634.0,3.6980285592219693e-07,0.009933774834437087,0.009933774834437087
BRO,Brownsville/S.Padre Island International,25.90683333,-97.42586111,1464.0,212.0,14.0,2677.0,909.0,5137.0,0.0,5077.0,0.0,0.0033112582781456954,0.0033112582781456954
BRW,Wiley Post Will Rogers Memorial,71.2854475,-156.76600190000002,728.0,221.0,30.0,1152.0,638.0,508.0,1071.0,8143.0,5.50042903346461e-06,0.006622516556291391,0.006622516556291391
BTM,Bert Mooney,45.95479528,-112.49746,708.0,49.0,6.0,120.0,440.0,572.0,17.0,1283.0,0.0,0.0033112582781456954,0.006622516556291391
BTR,"Baton Rouge Metropolitan, Ryan ",30.53316083,-91.14963444,8941.0,1969.0,22.0,38365.0,14269.0,41534.0,127.0,42289.0,0.0,0.023178807947019868,0.023178807947019868
BTV,Burlington International,44.47300361,-73.1503125,7005.0,1748.0,24.0,26260.0,3929.0,62679.0,228.0,31045.0,1.2057988110469155e-05,0.03642384105960265,0.039735099337748346
BUF,Buffalo Niagara Intl,42.94052472,-78.73216667,26281.0,5446.0,20.0,67318.0,25183.0,151521.0,1245.0,124788.0,1.5642741549332617e-05,0.0728476821192053,0.0728476821192053
BUR,Burbank-Glendale-Pasadena,34.20061917,-118.3584969,31405.0,4496.0,14.0,41733.0,5633.0,59623.0,109.0,128567.0,9.89287509531947e-06,0.046357615894039736,0.04304635761589404
BWI,Baltimore-Washington International,39.17540167,-76.66819833,104074.0,20273.0,19.0,275351.0,53159.0,291794.0,2779.0,537290.0,0.0037741554830833324,0.20860927152317882,0.2119205298013245
BZN,Gallatin ,45.77690139,-111.15300719999999,4659.0,772.0,16.0,11162.0,3439.0,15479.0,0.0,18756.0,0.0006471544812097887,0.026490066225165563,0.026490066225165563
CAE,Columbia Metropolitan,33.93884,-81.11953944,10550.0,2334.0,22.0,63677.0,4927.0,61881.0,154.0,36979.0,9.285002434225106e-07,0.033112582781456956,0.033112582781456956
CAK,Akron-Canton Regional,40.91631194,-81.44246556,8994.0,1994.0,22.0,33343.0,6871.0,53204.0,76.0,37888.0,7.585186952322513e-06,0.039735099337748346,0.04304635761589404
CDC,Cedar City Muni,37.70097028,-113.098575,668.0,66.0,9.0,1162.0,29.0,373.0,0.0,2539.0,0.0,0.009933774834437087,0.0033112582781456954
CDV,Merle K (Mudhole) Smith,60.49183389,-145.4776503,725.0,163.0,22.0,1034.0,35.0,525.0,78.0,9392.0,0.0017185602694652592,0.006622516556291391,0.006622516556291391
CEC,Jack McNamara ,41.78015722,-124.23653329999999,1063.0,378.0,35.0,4297.0,770.0,16016.0,0.0,9213.0,0.0,0.006622516556291391,0.006622516556291391
CHA,Lovell ,35.03526833,-85.20378778,4571.0,786.0,17.0,15927.0,5981.0,18733.0,0.0,13616.0,0.0,0.023178807947019868,0.023178807947019868
CHO,Charlottesville-Albermarle,38.13863889,-78.45286111,823.0,168.0,20.0,3245.0,1443.0,5107.0,45.0,1347.0,0.0,0.009933774834437087,0.006622516556291391
CHS,Charleston AFB/International,32.89864639,-80.04050583,14181.0,3102.0,21.0,49613.0,12612.0,79791.0,55.0,50058.0,9.285002434225106e-07,0.046357615894039736,0.046357615894039736
CIC,Chico Municipal,39.79538278,-121.8584231,1392.0,331.0,23.0,2976.0,263.0,9459.0,75.0,14464.0,0.0,0.0033112582781456954,0.0033112582781456954
CID,Eastern Iowa ,41.88458833,-91.71087222,9377.0,2045.0,21.0,28579.0,10243.0,57740.0,213.0,44269.0,0.0,0.029801324503311258,0.029801324503311258
CLD,MC Clellan-Palomar Airport,33.127231,-117.278727,2303.0,266.0,11.0,3192.0,267.0,2943.0,54.0,5510.0,0.0,0.006622516556291391,0.006622516556291391
CLE,Cleveland-Hopkins Intl,41.41089417,-81.84939667,65795.0,13564.0,20.0,217695.0,41892.0,302521.0,305.0,248905.0,0.005078859906523481,0.24503311258278146,0.24503311258278146
CLL,Easterwood ,30.58858944,-96.36382417,1367.0,183.0,13.0,3611.0,1362.0,2451.0,0.0,5287.0,0.0,0.006622516556291391,0.006622516556291391
CLT,Charlotte/Douglas International,35.21401111,-80.94312583,126045.0,28598.0,22.0,451844.0,44460.0,600939.0,3447.0,452633.0,0.016352049443426712,0.26490066225165565,0.271523178807947
CMH,Port Columbus Intl,39.99798528,-82.89188278,34157.0,6739.0,19.0,99359.0,26977.0,156532.0,93.0,145525.0,0.00010905535524396907,0.10927152317880795,0.10927152317880795
CMI,University of Illinois-Willard,40.03925,-88.27805556,2774.0,625.0,22.0,14578.0,1749.0,19851.0,0.0,9657.0,5.5543684621520485e-05,0.009933774834437087,0.006622516556291391
CMX,Houghton County Memorial,47.16841722,-88.48906083,318.0,33.0,10.0,2593.0,423.0,511.0,0.0,756.0,0.0,0.0033112582781456954,0.0033112582781456954
COD,Yellowstone Regional,44.52019417,-109.02379609999998,1188.0,80.0,6.0,991.0,732.0,1310.0,65.0,2263.0,0.0,0.006622516556291391,0.006622516556291391
COS,City of Colorado Springs Muni,38.80580556,-104.70025,16201.0,2862.0,17.0,59035.0,9307.0,49595.0,644.0,50005.0,0.0033936974878581083,0.059602649006622516,0.06291390728476821
CPR,Natrona County Intl,42.90835556,-106.46446609999998,2709.0,312.0,11.0,5180.0,1397.0,3623.0,45.0,6878.0,0.0,0.013245033112582781,0.013245033112582781
CRP,Corpus Christi International,27.77036083,-97.50121528,5270.0,759.0,14.0,4715.0,4039.0,9529.0,0.0,26595.0,1.419465557023125e-06,0.013245033112582781,0.013245033112582781
CRW,Yeager,38.37315083,-81.59318972,3414.0,673.0,19.0,12797.0,5328.0,18457.0,15.0,8168.0,0.0,0.019867549668874173,0.016556291390728478
CSG,Columbus Metropolitan,32.51633333,-84.93886111,1481.0,280.0,18.0,7441.0,2225.0,3940.0,12.0,4007.0,0.0,0.0033112582781456954,0.0033112582781456954
CVG,Cincinnati Northern Kentucky Intl,39.04614278,-84.6621725,91265.0,20231.0,22.0,352831.0,106871.0,439617.0,629.0,154095.0,0.03935605915038366,0.3708609271523179,0.36423841059602646
CWA,Central Wisconsin,44.77761917,-89.66677944,2563.0,521.0,20.0,7219.0,1322.0,20024.0,98.0,12607.0,0.0,0.013245033112582781,0.016556291390728478
DAB,Daytona Beach International,29.17991667,-81.05805556,2957.0,675.0,22.0,11964.0,3118.0,18378.0,0.0,13715.0,7.9975403166836e-07,0.019867549668874173,0.023178807947019868
DAL,Dallas Love ,32.84711389,-96.85177222,53928.0,10783.0,19.0,126355.0,21544.0,88392.0,406.0,307376.0,0.0004097602661291563,0.059602649006622516,0.059602649006622516
DAY,James M Cox Dayton Intl,39.90237583,-84.219375,15791.0,2898.0,18.0,47808.0,7397.0,69744.0,37.0,56466.0,1.603852016360582e-06,0.052980132450331126,0.052980132450331126
DBQ,Dubuque Municipal,42.40295944,-90.70916722,1349.0,275.0,20.0,1952.0,739.0,8440.0,0.0,7271.0,0.0,0.0033112582781456954,0.0033112582781456954
DCA,Ronald Reagan Washington National,38.85208333,-77.03772222,86662.0,16287.0,18.0,192078.0,48173.0,405994.0,426.0,300095.0,0.0026792730619862237,0.16556291390728478,0.17880794701986755
DEN,Denver Intl,39.85840806,-104.6670019,241443.0,53126.0,22.0,812372.0,83200.0,711259.0,1563.0,1161651.0,0.06515843513538519,0.3973509933774834,0.40397350993377484
DFW,Dallas-Fort Worth International,32.89595056,-97.0372,281281.0,67845.0,24.0,1407402.0,246376.0,913351.0,742.0,1065777.0,0.10728373636220448,0.44370860927152317,0.44370860927152317
DHN,Dothan ,31.32133917,-85.44962889,1397.0,313.0,22.0,9337.0,2906.0,6279.0,25.0,3100.0,0.0,0.0033112582781456954,0.0033112582781456954
DLG,Dillingham,59.0454125,-158.5033389,116.0,55.0,47.0,248.0,0.0,144.0,442.0,1185.0,0.0,0.0033112582781456954,0.006622516556291391
DLH,Duluth International,46.84209028,-92.19364861,2013.0,248.0,12.0,5044.0,2609.0,3305.0,0.0,4292.0,0.0,0.006622516556291391,0.006622516556291391
DRO,Durango-La Plata County,37.15151667,-107.75376920000001,3674.0,433.0,11.0,11387.0,6420.0,4154.0,16.0,5779.0,0.0,0.013245033112582781,0.009933774834437087
DSM,Des Moines International,41.53493306,-93.66068222,16643.0,3375.0,20.0,52677.0,15701.0,76016.0,62.0,83204.0,0.00040851872169332833,0.059602649006622516,0.06291390728476821
DTW,Detroit Metropolitan-Wayne County,42.21205889,-83.34883583,161989.0,39622.0,24.0,767530.0,162116.0,761134.0,2637.0,421369.0,0.06876935137212326,0.39072847682119205,0.3841059602649007
EGE,Eagle County Regional,39.64256778,-106.91769529999999,3106.0,752.0,24.0,17141.0,9043.0,19379.0,0.0,23685.0,5.720240163730267e-06,0.04304635761589404,0.04304635761589404
EKO,Elko Regional,40.82492611,-115.79169640000002,1580.0,140.0,8.0,2332.0,59.0,893.0,194.0,3720.0,0.0,0.0033112582781456954,0.0033112582781456954
ELM,Elmira/Corning Regional,42.15991361,-76.89144333,1336.0,175.0,13.0,2200.0,649.0,2451.0,0.0,7011.0,0.0,0.0033112582781456954,0.0033112582781456954
ELP,El Paso International,31.80666667,-106.37780559999999,20731.0,3032.0,14.0,34198.0,3868.0,29792.0,634.0,87111.0,0.00044275259005429067,0.059602649006622516,0.059602649006622516
ERI,Erie Intl,42.08202139,-80.17621556,1399.0,197.0,14.0,2522.0,122.0,2373.0,36.0,7114.0,0.0,0.006622516556291391,0.0033112582781456954
EUG,Mahlon Sweet ,44.123259999999995,-123.21868559999999,5749.0,797.0,13.0,9412.0,1232.0,23924.0,113.0,20023.0,0.0,0.023178807947019868,0.023178807947019868
EVV,Evansville Regional,38.03799139,-87.53062667,5844.0,970.0,16.0,12972.0,4888.0,21990.0,8.0,25148.0,0.0,0.019867549668874173,0.019867549668874173
EWN,Craven County Regional,35.07297222,-77.04294444,791.0,172.0,21.0,3743.0,1969.0,3149.0,8.0,1658.0,0.0,0.0033112582781456954,0.0033112582781456954
EWR,Newark Intl,40.69249722,-74.16866056,138506.0,44269.0,31.0,730408.0,120036.0,863233.0,3830.0,1144543.0,0.01649355928996716,0.2980132450331126,0.2980132450331126
EYW,Key West International,24.55611111,-81.75955556,1009.0,317.0,31.0,7208.0,4398.0,3977.0,10.0,3351.0,0.0,0.006622516556291391,0.006622516556291391
FAI,Fairbanks International,64.8136775,-147.8596694,4822.0,750.0,15.0,14841.0,1013.0,5537.0,56.0,18189.0,0.003793287194455131,0.019867549668874173,0.016556291390728478
FAR,Hector International,46.91934889,-96.81498889,4431.0,816.0,18.0,7855.0,2485.0,29279.0,8.0,18827.0,6.337855290989078e-05,0.016556291390728478,0.019867549668874173
FAT,Fresno Yosemite International,36.77619444,-119.7181389,14278.0,2085.0,14.0,46889.0,7417.0,44531.0,86.0,27544.0,5.071827235444987e-05,0.039735099337748346,0.033112582781456956
FAY,Fayetteville Municipal,34.99147222,-78.88,2267.0,555.0,24.0,13178.0,5031.0,12367.0,10.0,6723.0,0.0,0.006622516556291391,0.006622516556291391
FCA,Glacier Park Intl,48.31140472,-114.25506940000001,2762.0,301.0,10.0,6506.0,1382.0,6188.0,109.0,5445.0,0.0,0.019867549668874173,0.019867549668874173
FLG,Flagstaff Pulliam,35.13845472,-111.67121829999999,1871.0,220.0,11.0,9827.0,2174.0,3057.0,19.0,0.0,0.0,0.0033112582781456954,0.0033112582781456954
FLL,Fort Lauderdale-Hollywood Int'l,26.07258333,-80.15275,67177.0,15012.0,22.0,174023.0,19706.0,363854.0,1555.0,369351.0,0.005396587018072953,0.18874172185430463,0.18874172185430463
FLO,Florence Regional,34.18536111,-79.72388889,615.0,112.0,18.0,1797.0,915.0,2309.0,20.0,1430.0,0.0,0.0033112582781456954,0.0033112582781456954
FNT,Bishop,42.96550333,-83.74345639,8749.0,1602.0,18.0,24506.0,6135.0,36477.0,92.0,28746.0,0.001419331000158381,0.039735099337748346,0.039735099337748346
FSD,Joe Foss ,43.58135111,-96.74170028,5828.0,1168.0,20.0,14298.0,5617.0,38598.0,0.0,30489.0,3.74002203633144e-05,0.023178807947019868,0.023178807947019868
FSM,Fort Smith Regional,35.33659028,-94.36744111,2937.0,402.0,13.0,7815.0,2570.0,6571.0,5.0,10345.0,0.0,0.009933774834437087,0.009933774834437087
FWA,Fort Wayne International,40.97846583,-85.19514639,6144.0,1327.0,21.0,32493.0,3759.0,39540.0,72.0,25310.0,0.0,0.016556291390728478,0.016556291390728478
GCC,Gillette-Campbell County,44.34889806,-105.5393614,1046.0,283.0,27.0,5085.0,2302.0,3762.0,59.0,4150.0,0.0,0.009933774834437087,0.009933774834437087
GEG,Spokane Intl,47.61985556,-117.5338425,15560.0,2301.0,14.0,37658.0,10263.0,24556.0,384.0,52723.0,5.365424127388261e-05,0.056291390728476824,0.052980132450331126
GFK,Grand Forks International,47.949255,-97.17611111,1371.0,182.0,13.0,6074.0,1048.0,2534.0,26.0,2945.0,0.0,0.0033112582781456954,0.0033112582781456954
GGG,Gregg County,32.38486111,-94.71171,978.0,135.0,13.0,3879.0,909.0,1296.0,0.0,3119.0,0.0,0.0033112582781456954,0.0033112582781456954
GJT,Walker ,39.1224125,-108.5267347,5152.0,668.0,12.0,20080.0,4934.0,6193.0,140.0,10476.0,1.2748768513587919e-05,0.023178807947019868,0.013245033112582781
GNV,Gainesville Regional,29.69005556,-82.27177778,2064.0,342.0,16.0,9245.0,3351.0,9939.0,0.0,3342.0,0.0,0.0033112582781456954,0.0033112582781456954
GPT,Gulfport-Biloxi Regional,30.40728028,-89.07009278,8541.0,1524.0,17.0,25716.0,6125.0,32113.0,37.0,36717.0,0.0,0.023178807947019868,0.023178807947019868
GRB,Austin Straubel International,44.48507333,-88.12959000000001,7930.0,1625.0,20.0,21481.0,7516.0,46694.0,25.0,45630.0,0.00052686378042857,0.03642384105960265,0.026490066225165563
GRK,Robert Gray AAF,31.06489778,-97.82779778,3733.0,698.0,18.0,12174.0,3222.0,8576.0,20.0,18786.0,0.0,0.009933774834437087,0.009933774834437087
GRR,Kent County International,42.88081972,-85.52276778,16616.0,3292.0,19.0,52075.0,15190.0,82313.0,448.0,68014.0,0.0008136393307740611,0.04966887417218543,0.052980132450331126
GSO,Piedmont Triad International,36.09774694,-79.9372975,13558.0,2767.0,20.0,52354.0,9633.0,70411.0,206.0,45775.0,1.4785431467689716e-06,0.06291390728476821,0.052980132450331126
GSP,Greenville-Spartanburg,34.89566722,-82.21885833,11856.0,2174.0,18.0,33156.0,7703.0,58311.0,62.0,48111.0,9.285002434225106e-07,0.04304635761589404,0.039735099337748346
GST,Gustavus,58.42438139,-135.7073814,85.0,19.0,22.0,39.0,0.0,113.0,24.0,636.0,0.0,0.0033112582781456954,0.0033112582781456954
GTF,Great Falls Intl,47.48200194,-111.37068529999999,2140.0,194.0,9.0,2883.0,153.0,2478.0,0.0,5561.0,1.702077206466549e-05,0.016556291390728478,0.016556291390728478
GTR,Golden Triangle Regional,33.45033444,-88.59136861,964.0,188.0,19.0,4626.0,1120.0,5639.0,2.0,2486.0,0.0,0.0033112582781456954,0.0033112582781456954
GUC,Gunnison County,38.53396333,-106.9331817,959.0,218.0,22.0,5459.0,3165.0,2798.0,46.0,6707.0,0.0,0.016556291390728478,0.016556291390728478
HDN,Yampa Valley,40.48118028,-107.21765970000001,2398.0,550.0,22.0,9897.0,2948.0,11216.0,17.0,17045.0,6.543900661172316e-06,0.033112582781456956,0.033112582781456956
HHH,Hilton Head,32.224384,-80.697629,836.0,172.0,20.0,6038.0,2843.0,3320.0,31.0,2294.0,0.0,0.0033112582781456954,0.0033112582781456954
HLN,Helena Regional,46.60681806,-111.9827503,1986.0,198.0,9.0,4273.0,658.0,2440.0,44.0,3650.0,0.0,0.009933774834437087,0.009933774834437087
HNL,Honolulu International,21.31869111,-157.92240719999998,56276.0,6810.0,12.0,209488.0,4303.0,45172.0,999.0,89484.0,0.005117438740266624,0.07947019867549669,0.07947019867549669
HOU,William P Hobby,29.64541861,-95.27888889,55933.0,11626.0,20.0,150114.0,25272.0,92702.0,261.0,347428.0,0.0015535761128212364,0.10596026490066225,0.10927152317880795
HPN,Westchester Cty,41.06695778,-73.70757444,10715.0,2558.0,23.0,32876.0,10945.0,72786.0,117.0,52896.0,2.1370011007774035e-05,0.033112582781456956,0.033112582781456956
HRL,Valley International,26.22850611,-97.65439389,4421.0,757.0,17.0,4273.0,1050.0,4641.0,0.0,30204.0,1.998458086861505e-06,0.016556291390728478,0.016556291390728478
HSV,Huntsville International ,34.6404475,-86.77310944,10791.0,2147.0,19.0,32135.0,12766.0,38583.0,106.0,43841.0,7.999424537953443e-06,0.04966887417218543,0.04304635761589404
HTS,Tri-State/Walker-Long ,38.36666667,-82.55802778,158.0,11.0,6.0,284.0,186.0,126.0,0.0,0.0,0.0,0.0033112582781456954,0.0033112582781456954
IAD,Washington Dulles International,38.94453194,-77.45580972,76031.0,19644.0,25.0,535116.0,65179.0,370377.0,3563.0,326522.0,0.007696964652453864,0.23509933774834438,0.22847682119205298
IAH,George Bush Intercontinental,29.98047222,-95.33972222,185172.0,38578.0,20.0,650808.0,152584.0,685764.0,12020.0,668663.0,0.059574650373151516,0.3741721854304636,0.3708609271523179
ICT,Wichita Mid-Continent,37.64995889,-97.43304583,14050.0,2680.0,19.0,41754.0,10389.0,68930.0,36.0,55920.0,5.627117493572606e-06,0.046357615894039736,0.033112582781456956
IDA,Idaho Falls Regional,43.51455556,-112.07016670000002,3103.0,393.0,12.0,6713.0,3354.0,3222.0,21.0,10014.0,0.0,0.009933774834437087,0.009933774834437087
ILM,Wilmington International,34.27061111,-77.90255556,3397.0,784.0,23.0,16226.0,5975.0,15628.0,2.0,9075.0,0.0,0.013245033112582781,0.009933774834437087
IND,Indianapolis International,39.71732917,-86.29438417,42750.0,8239.0,19.0,103233.0,16881.0,204335.0,415.0,159034.0,0.000309892044452563,0.12582781456953643,0.12251655629139073
IPL,Imperial County,32.83422028,-115.5787456,989.0,100.0,10.0,1579.0,355.0,555.0,79.0,1755.0,0.0,0.006622516556291391,0.006622516556291391
ISP,Long Island - MacArthur,40.7952425,-73.10021194,10183.0,1667.0,16.0,21364.0,6619.0,18763.0,1915.0,41233.0,5.726473987923994e-06,0.029801324503311258,0.029801324503311258
ITH,Tompkins Cty ,42.49102778,-76.45844444,132.0,45.0,34.0,162.0,537.0,1036.0,99.0,151.0,0.0,0.0033112582781456954,0.0033112582781456954
ITO,Hilo International,19.72026306,-155.04847030000002,8051.0,751.0,9.0,19038.0,1008.0,2875.0,92.0,11641.0,0.0,0.009933774834437087,0.006622516556291391
IYK,Inyokern,35.65884306,-117.8295122,958.0,61.0,6.0,1606.0,251.0,483.0,32.0,1318.0,0.0,0.0033112582781456954,0.0033112582781456954
JAC,Jackson Hole,43.60732417,-110.7377389,3766.0,792.0,21.0,14524.0,5313.0,11950.0,7.0,23469.0,0.0,0.026490066225165563,0.026490066225165563
JAN,Jackson International,32.31116667,-90.07588889,12609.0,2136.0,16.0,36922.0,10884.0,34457.0,95.0,51402.0,2.8810117055476305e-05,0.04304635761589404,0.04304635761589404
JAX,Jacksonville International,30.49405556,-81.68786111,32685.0,6191.0,18.0,67492.0,17563.0,140647.0,120.0,148491.0,0.0034564340884064124,0.10927152317880795,0.12582781456953643
JFK,John F Kennedy Intl,40.63975111,-73.77892556,118804.0,34195.0,28.0,589276.0,160616.0,920999.0,2877.0,573116.0,0.010548467789107683,0.2185430463576159,0.2251655629139073
JNU,Juneau International,58.35496194,-134.57627639999998,4410.0,1046.0,23.0,20129.0,2900.0,6968.0,105.0,37383.0,0.01831326887987506,0.023178807947019868,0.023178807947019868
KOA,Kona International At Keahole,19.73876583,-156.0456314,12710.0,1470.0,11.0,35088.0,525.0,12486.0,109.0,33254.0,0.000533169348073191,0.039735099337748346,0.03642384105960265
KTN,Ketchikan International,55.35556861,-131.71374,2380.0,536.0,22.0,5671.0,2018.0,3570.0,64.0,19729.0,0.0064578703805563496,0.013245033112582781,0.013245033112582781
LAN,Capital City,42.7787,-84.58735806,3693.0,805.0,21.0,10562.0,1998.0,28694.0,48.0,16945.0,0.0,0.013245033112582781,0.013245033112582781
LAS,McCarran International,36.08036111,-115.15233329999998,172876.0,33240.0,19.0,451475.0,46749.0,373191.0,3899.0,934938.0,0.019531435564660353,0.30132450331125826,0.30132450331125826
LAW,Lawton-Ft Sill Regional,34.56771444,-98.41663667,2369.0,310.0,13.0,5725.0,2998.0,2920.0,15.0,8495.0,0.0,0.006622516556291391,0.006622516556291391
LAX,Los Angeles International,33.94253611,-118.40807439999999,215608.0,38047.0,17.0,680050.0,32884.0,494408.0,4154.0,821360.0,0.04913096877988335,0.2847682119205298,0.2947019867549669
LBB,Lubbock International,33.66363889,-101.8227778,8249.0,1377.0,16.0,14017.0,8669.0,9027.0,40.0,45321.0,1.7669783570358138e-05,0.023178807947019868,0.023178807947019868
LCH,Lake Charles Regional,30.126097499999997,-93.22340361,1000.0,141.0,14.0,4507.0,2379.0,2744.0,83.0,2181.0,0.0,0.0033112582781456954,0.0033112582781456954
LEX,Blue Grass ,38.03697222,-84.60538889,10344.0,1852.0,17.0,31278.0,8208.0,63817.0,103.0,32239.0,1.200498137102262e-05,0.04304635761589404,0.04304635761589404
LFT,Lafayette Regional,30.20527972,-91.987655,4879.0,893.0,18.0,14564.0,8432.0,19367.0,25.0,19492.0,0.0,0.009933774834437087,0.009933774834437087
LGA,LaGuardia,40.77724306,-73.87260917,119135.0,30929.0,25.0,315310.0,144654.0,618979.0,542.0,777834.0,0.006958580279886503,0.19205298013245034,0.2152317880794702
LGB,Long Beach (Daugherty ),33.81772222,-118.1516111,15443.0,2351.0,15.0,44361.0,2573.0,40504.0,231.0,53281.0,0.00020911054251824572,0.06291390728476821,0.06291390728476821
LIH,Lihue,21.97598306,-159.3389581,13184.0,1251.0,9.0,26414.0,1177.0,7443.0,87.0,27510.0,4.400343226771688e-07,0.033112582781456956,0.033112582781456956
LIT,Adams ,34.72939611,-92.22424556,15369.0,3188.0,20.0,54708.0,13873.0,47579.0,93.0,88988.0,0.00022807623435220386,0.06622516556291391,0.06291390728476821
LMT,Klamath Falls International,42.15614361,-121.7332081,511.0,150.0,29.0,2435.0,277.0,5748.0,0.0,3724.0,0.0,0.006622516556291391,0.006622516556291391
LNK,Lincoln Municipal,40.85097222,-96.75925,3037.0,572.0,18.0,4080.0,1225.0,25923.0,89.0,16347.0,1.702513748453332e-05,0.016556291390728478,0.016556291390728478
LRD,Laredo International,27.54373861,-99.46154361,2115.0,331.0,15.0,4991.0,931.0,5397.0,1.0,9276.0,0.0,0.006622516556291391,0.006622516556291391
LSE,La Crosse Municipal,43.87937972,-91.25653778,2005.0,427.0,21.0,3853.0,134.0,11748.0,0.0,10893.0,0.0,0.006622516556291391,0.006622516556291391
LWB,Greenbrier Valley,37.85830556,-80.39947222,185.0,39.0,21.0,938.0,175.0,963.0,0.0,441.0,0.0,0.0033112582781456954,0.0033112582781456954
LWS,Lewiston-Nez Perce County,46.37449806,-117.01539440000002,652.0,41.0,6.0,844.0,505.0,374.0,16.0,1087.0,0.0,0.0033112582781456954,0.0033112582781456954
LYH,Lynchburg Municipal-Preston Glenn ,37.32668528,-79.20043056,625.0,83.0,13.0,1789.0,411.0,2103.0,0.0,512.0,0.0,0.0033112582781456954,0.0033112582781456954
MAF,Midland International,31.94252778,-102.20191390000001,6839.0,1172.0,17.0,11180.0,4579.0,12905.0,108.0,39677.0,1.908924912738126e-05,0.023178807947019868,0.023178807947019868
MBS,Mbs International,43.53291472,-84.07964722,2918.0,497.0,17.0,8969.0,758.0,19410.0,0.0,11854.0,0.0,0.009933774834437087,0.009933774834437087
MCI,Kansas City International,39.29760528,-94.71390556,59370.0,11253.0,18.0,139813.0,30763.0,180163.0,344.0,297546.0,0.0016825140952705549,0.16556291390728478,0.16556291390728478
MCN,Middle Georgia Regional,32.69284944,-83.64921083,652.0,135.0,20.0,5540.0,1218.0,2161.0,39.0,111.0,0.0,0.0033112582781456954,0.0033112582781456954
MCO,Orlando International,28.42888889,-81.31602778,130872.0,25681.0,19.0,307651.0,56355.0,511029.0,1991.0,649471.0,0.017215400158154592,0.28807947019867547,0.2814569536423841
MDT,Harrisburg Intl,40.19349528,-76.76340361,7594.0,1447.0,19.0,31714.0,7834.0,35662.0,90.0,29225.0,2.1570309935155332e-07,0.04304635761589404,0.033112582781456956
MDW,Chicago Midway,41.7859825,-87.75242444,87619.0,17981.0,20.0,246727.0,77214.0,200516.0,1552.0,525662.0,0.0020664703995840264,0.17880794701986755,0.17880794701986755
MEI,Key ,32.33313333,-88.75120556,674.0,151.0,22.0,3698.0,586.0,4355.0,71.0,1061.0,0.0,0.0033112582781456954,0.0033112582781456954
MEM,Memphis International,35.04241667,-89.97666667,80966.0,15344.0,18.0,302791.0,67237.0,282129.0,908.0,229858.0,0.011102657032244159,0.26158940397350994,0.26158940397350994
MFE,McAllen Miller International,26.17583333,-98.23861111,4116.0,551.0,13.0,6582.0,1843.0,12096.0,0.0,14890.0,0.0,0.009933774834437087,0.009933774834437087
MFR,Rogue Valley International,42.37422778,-122.8734978,5652.0,919.0,16.0,15687.0,1870.0,31633.0,121.0,17051.0,0.00014923013032370138,0.026490066225165563,0.023178807947019868
MGM,Montgomery Regional Apt,32.30064417,-86.39397611,3851.0,768.0,19.0,15712.0,5201.0,17199.0,0.0,8207.0,0.0,0.009933774834437087,0.009933774834437087
MHT,Manchester,42.93451639,-71.43705583,18588.0,3762.0,20.0,44836.0,19284.0,95604.0,335.0,86921.0,4.497548165196528e-06,0.059602649006622516,0.056291390728476824
MIA,Miami International,25.79325,-80.29055556,62559.0,18212.0,29.0,408746.0,76210.0,297080.0,902.0,317552.0,0.0021909564878949423,0.15562913907284767,0.15562913907284767
MKE,General Mitchell International,42.94722222,-87.89658333,42700.0,9496.0,22.0,144045.0,42436.0,234943.0,95.0,176703.0,0.008346809648940256,0.15894039735099338,0.16225165562913907
MKG,Muskegon County,43.16948806,-86.23822306,396.0,74.0,18.0,1240.0,598.0,797.0,0.0,1026.0,1.2223175629921355e-06,0.009933774834437087,0.006622516556291391
MLB,Melbourne International ,28.10275,-80.64580556,2002.0,469.0,23.0,7625.0,1084.0,11071.0,146.0,6698.0,0.0,0.0033112582781456954,0.006622516556291391
MLI,Quad City,41.44852639,-90.50753917,8567.0,1744.0,20.0,26067.0,7289.0,48460.0,93.0,42862.0,0.0,0.029801324503311258,0.029801324503311258
MLU,Monroe Regional,32.51086556,-92.03768778,2530.0,422.0,16.0,9426.0,3685.0,7799.0,20.0,5386.0,0.0,0.009933774834437087,0.009933774834437087
MOB,Mobile Regional,30.69141667,-88.24283333,6348.0,1189.0,18.0,18809.0,7998.0,24375.0,12.0,21024.0,0.0,0.016556291390728478,0.016556291390728478
MOD,Modesto City-County-Harry Sham ,37.62581722,-120.95442140000002,2325.0,515.0,22.0,4445.0,425.0,15595.0,95.0,13989.0,6.595342022884682e-06,0.006622516556291391,0.009933774834437087
MOT,Minot International,48.25937778,-101.2803339,1085.0,115.0,10.0,5684.0,898.0,1954.0,0.0,2369.0,0.0,0.0033112582781456954,0.0033112582781456954
MQT,Marquette County Airport,46.353639,-87.395361,991.0,182.0,18.0,10534.0,857.0,3793.0,0.0,731.0,0.0,0.009933774834437087,0.009933774834437087
MRY,Monterey Peninsula,36.5869825,-121.84294779999999,7607.0,1241.0,16.0,20926.0,1841.0,30986.0,101.0,26401.0,1.0915476838577051e-05,0.029801324503311258,0.033112582781456956
MSN,Dane County Regional,43.13985778,-89.33751361,13961.0,2866.0,20.0,35789.0,8587.0,88186.0,156.0,62882.0,7.097193033196619e-05,0.046357615894039736,0.04966887417218543
MSO,Missoula International,46.91630556,-114.09055559999999,3256.0,342.0,10.0,3020.0,286.0,5113.0,23.0,8867.0,0.0,0.013245033112582781,0.013245033112582781
MSP,Minneapolis-St Paul Intl,44.88054694,-93.2169225,130289.0,29063.0,22.0,501041.0,120181.0,555709.0,375.0,299183.0,0.10246774639976602,0.4139072847682119,0.4105960264900662
MSY,New Orleans International ,29.99338889,-90.25802778,39422.0,7390.0,18.0,77835.0,11022.0,140925.0,540.0,193995.0,0.00040753294586361465,0.12251655629139073,0.12251655629139073
MTJ,Montrose Regional,38.50886722,-107.89383329999998,2419.0,423.0,17.0,7593.0,1668.0,3892.0,151.0,12822.0,0.0,0.026490066225165563,0.026490066225165563
MYR,Myrtle Beach International,33.67975,-78.92833333,5335.0,971.0,18.0,19084.0,3393.0,23485.0,0.0,16091.0,4.448876424125787e-07,0.029801324503311258,0.029801324503311258
OAJ,Albert J Ellis,34.82916444,-77.61213778,1184.0,227.0,19.0,5433.0,2203.0,5665.0,0.0,2803.0,0.0,0.006622516556291391,0.006622516556291391
OAK,Metropolitan Oakland International,37.72129083,-122.22071670000001,62535.0,9005.0,14.0,118161.0,9460.0,52272.0,1478.0,241579.0,0.0007074869559871619,0.10596026490066225,0.10927152317880795
OGG,Kahului,20.89864972,-156.43045780000003,19940.0,2053.0,10.0,52638.0,819.0,14644.0,134.0,48277.0,0.0019670661794668892,0.052980132450331126,0.059602649006622516
OKC,Will Rogers World,35.39308833,-97.60073389,25152.0,4388.0,17.0,64401.0,13028.0,69311.0,348.0,115492.0,0.00046780999173069704,0.09933774834437085,0.09271523178807947
OMA,Eppley Airfield,41.30251861,-95.89417306,27007.0,5118.0,18.0,72633.0,18455.0,109494.0,667.0,122722.0,7.879369717170795e-05,0.0695364238410596,0.07947019867549669
OME,Nome,64.51220222,-165.4452458,1090.0,173.0,15.0,1025.0,397.0,783.0,138.0,6789.0,0.0,0.006622516556291391,0.006622516556291391
ONT,Ontario International,34.056,-117.60119440000001,35072.0,5436.0,15.0,70776.0,3742.0,55114.0,709.0,144512.0,0.0007942020276986169,0.10596026490066225,0.10596026490066225
ORD,Chicago O'Hare International,41.979595,-87.90446417,350380.0,101414.0,28.0,1763840.0,416984.0,1563100.0,2382.0,2882794.0,0.08818055269441359,0.4900662251655629,0.4900662251655629
ORF,Norfolk International,36.89461111,-76.20122222,16458.0,3140.0,19.0,56019.0,11859.0,68005.0,191.0,68314.0,0.00010132932245690813,0.08609271523178808,0.08609271523178808
OTH,North Bend Muni,43.41713889,-124.2460278,515.0,204.0,39.0,746.0,164.0,6126.0,7.0,6232.0,0.0,0.006622516556291391,0.006622516556291391
OTZ,Ralph Wien Memorial,66.88467694,-162.5985497,1086.0,178.0,16.0,872.0,688.0,496.0,176.0,6681.0,0.0,0.006622516556291391,0.006622516556291391
OXR,Oxnard,34.20080083,-119.20721640000001,1292.0,88.0,6.0,1407.0,290.0,637.0,0.0,1762.0,0.0,0.0033112582781456954,0.0033112582781456954
PBI,Palm Beach International,26.68316194,-80.09559417,27822.0,5817.0,20.0,62700.0,5514.0,163719.0,32.0,146621.0,0.00043851405600462047,0.07947019867549669,0.08609271523178808
PDX,Portland Intl,45.58872222,-122.5975,57860.0,8393.0,14.0,142251.0,18241.0,101192.0,551.0,200770.0,0.009312287579390895,0.1456953642384106,0.1456953642384106
PFN,Panama City-Bay County International,30.21208333,-85.68280556,3875.0,730.0,18.0,20674.0,6201.0,12988.0,0.0,13409.0,0.0,0.013245033112582781,0.013245033112582781
PHF,Newport News/Williamsburg International,37.13189556,-76.4929875,6406.0,1258.0,19.0,15186.0,3392.0,35282.0,1.0,26595.0,0.0,0.019867549668874173,0.019867549668874173
PHL,Philadelphia Intl,39.87195278,-75.24114083,100499.0,24437.0,24.0,327588.0,64177.0,474641.0,2693.0,706048.0,0.0018895758539852763,0.18543046357615894,0.17880794701986755
PHX,Phoenix Sky Harbor International,33.43416667,-112.00805559999999,199408.0,34582.0,17.0,662329.0,43723.0,399336.0,4988.0,617435.0,0.03209772737994136,0.2913907284768212,0.2913907284768212
PIA,Greater Peoria Regional,40.66424333,-89.69330556,5581.0,1098.0,19.0,15913.0,2676.0,40627.0,35.0,21614.0,0.00010908481142609666,0.019867549668874173,0.019867549668874173
PIH,Pocatello Regional,42.91130556,-112.59586110000001,1659.0,90.0,5.0,878.0,702.0,559.0,4.0,3020.0,0.0,0.0033112582781456954,0.0033112582781456954
PIR,Pierre Regional,44.38267694,-100.285965,5.0,1.0,20.0,99.0,0.0,19.0,0.0,0.0,0.0,0.0033112582781456954,0.0033112582781456954
PIT,Pittsburgh International,40.49146583,-80.23287083,41800.0,9281.0,22.0,110755.0,31392.0,212488.0,513.0,198564.0,0.0011966106225061457,0.09933774834437085,0.11589403973509933
PLN,Pellston Regional  of Emmet County,45.5709275,-84.796715,264.0,22.0,8.0,1673.0,38.0,286.0,20.0,117.0,0.0,0.0033112582781456954,0.0033112582781456954
PMD,Palmdale Production Flight,34.62938889,-118.0845528,728.0,177.0,24.0,1686.0,0.0,7956.0,35.0,3049.0,0.0,0.0033112582781456954,0.0033112582781456954
PNS,Pensacola Regional,30.47330556,-87.18744444,9497.0,1717.0,18.0,18988.0,5151.0,30077.0,0.0,49877.0,0.0,0.029801324503311258,0.029801324503311258
PSC,Tri-Cities,46.26468028,-119.11902920000001,2541.0,183.0,7.0,2011.0,552.0,1843.0,37.0,5467.0,0.0,0.006622516556291391,0.006622516556291391
PSE,Mercedita,18.00830278,-66.56301194,755.0,76.0,10.0,462.0,103.0,774.0,70.0,3540.0,3.6980285592219693e-07,0.013245033112582781,0.013245033112582781
PSG,James C. Johnson Petersburg,56.80165194,-132.9452781,727.0,163.0,22.0,1392.0,347.0,775.0,36.0,8239.0,0.00010964188540039454,0.006622516556291391,0.006622516556291391
PSP,Palm Springs International,33.82921556,-116.5062531,11979.0,2028.0,16.0,42323.0,2621.0,30748.0,65.0,37160.0,0.0,0.039735099337748346,0.039735099337748346
PUB,Pueblo Memorial,38.28908722,-104.4965722,2.0,2.0,100.0,0.0,54.0,94.0,0.0,0.0,0.0,0.0033112582781456954,0.0
PVD,Theodore F Green State,41.72399917,-71.42822111,22509.0,4417.0,19.0,45172.0,21788.0,121486.0,277.0,97259.0,5.385110121721707e-06,0.06622516556291391,0.06622516556291391
PWM,Portland International Jetport,43.64616667,-70.30875,6897.0,1685.0,24.0,30535.0,7119.0,57643.0,30.0,28785.0,8.055231166123346e-07,0.04304635761589404,0.039735099337748346
RAP,Rapid City Regional,44.04532139,-103.0573708,4161.0,515.0,12.0,6822.0,2146.0,7860.0,0.0,11045.0,0.0,0.013245033112582781,0.013245033112582781
RDD,Redding Municipal,40.50898361,-122.2934019,1682.0,414.0,24.0,2132.0,222.0,21357.0,216.0,8432.0,0.0,0.006622516556291391,0.0033112582781456954
RDM,Roberts ,44.25406722,-121.1499633,3434.0,522.0,15.0,7521.0,1442.0,15929.0,13.0,8234.0,0.0,0.013245033112582781,0.013245033112582781
RDU,Raleigh-Durham International,35.87763889,-78.78747222,60179.0,12593.0,20.0,165608.0,32970.0,306883.0,164.0,263571.0,0.000666168140476291,0.1390728476821192,0.1490066225165563
RFD,Greater Rockford,42.19536389,-89.09721111,290.0,46.0,15.0,1371.0,0.0,243.0,0.0,1173.0,0.0,0.0033112582781456954,0.0033112582781456954
RHI,Rhinelander-Oneida County,45.63119306,-89.46745361,221.0,30.0,13.0,556.0,171.0,461.0,0.0,809.0,0.0,0.0033112582781456954,0.0033112582781456954
RIC,Richmond International,37.50516667,-77.31966667,19977.0,4283.0,21.0,61953.0,13830.0,126951.0,86.0,81915.0,3.7018737268889796e-06,0.0728476821192053,0.059602649006622516
RKS,Rock Springs-Sweetwater County,41.5942175,-109.0651928,954.0,187.0,19.0,3446.0,1121.0,2156.0,43.0,2740.0,0.0,0.009933774834437087,0.009933774834437087
RNO,Reno/Tahoe International,39.49857611,-119.76806470000001,24286.0,3941.0,16.0,41567.0,6504.0,49247.0,59.0,120007.0,0.0002122446202806759,0.0728476821192053,0.0728476821192053
ROA,Roanoke Regional/ Woodrum ,37.32546833,-79.97542833,3720.0,725.0,19.0,14977.0,2814.0,22320.0,214.0,12936.0,2.1570309935155332e-07,0.023178807947019868,0.013245033112582781
ROC,Greater Rochester Int'l,43.11886611,-77.67238389,14264.0,3328.0,23.0,39176.0,10276.0,110933.0,83.0,69450.0,8.055231166123346e-07,0.052980132450331126,0.052980132450331126
ROW,Roswell Industrial Air Center,33.30155556,-104.5305556,961.0,135.0,14.0,3746.0,1241.0,809.0,8.0,3058.0,0.0,0.0033112582781456954,0.0033112582781456954
RST,Rochester International,43.90882639,-92.49798722,3353.0,749.0,22.0,4642.0,596.0,20570.0,0.0,23574.0,0.0,0.009933774834437087,0.009933774834437087
RSW,Southwest Florida International,26.53616667,-81.75516667,27136.0,4932.0,18.0,59055.0,5677.0,129446.0,238.0,123013.0,0.0005899670525989125,0.11258278145695365,0.10927152317880795
SAN,San Diego International-Lindbergh ,32.73355611,-117.1896567,93775.0,15832.0,16.0,169765.0,20879.0,209736.0,2812.0,429178.0,0.0034893941065182667,0.17549668874172186,0.18211920529801323
SAT,San Antonio International,29.53369444,-98.46977778,45270.0,7724.0,17.0,98506.0,14606.0,134096.0,1126.0,180820.0,0.0018497268238894294,0.13245033112582782,0.1357615894039735
SAV,Savannah International,32.12758333,-81.20213889,13774.0,2989.0,21.0,54029.0,8726.0,78238.0,189.0,50595.0,1.452350627561997e-06,0.04966887417218543,0.04966887417218543
SBA,Santa Barbara Municipal,34.42621194,-119.8403733,12568.0,1912.0,15.0,29180.0,4131.0,54914.0,820.0,34761.0,3.80889552753502e-05,0.026490066225165563,0.03642384105960265
SBN,South Bend Regional,41.70895361,-86.31847417,5319.0,1186.0,22.0,31969.0,6392.0,33543.0,72.0,21125.0,0.0,0.016556291390728478,0.016556291390728478
SBP,San Luis Obispo Co-McChesney ,35.23705806,-120.64239309999999,5846.0,855.0,14.0,14365.0,1909.0,28859.0,0.0,15831.0,7.478734601803139e-06,0.019867549668874173,0.016556291390728478
SCC,Deadhorse,70.19475583,-148.4651608,727.0,138.0,18.0,1098.0,1430.0,415.0,278.0,5333.0,0.00030007856591317424,0.006622516556291391,0.006622516556291391
SCE,University Park,40.851206,-77.84630200000001,645.0,100.0,15.0,2658.0,1206.0,1959.0,8.0,623.0,0.0,0.006622516556291391,0.009933774834437087
SDF,Louisville International-Standiford ,38.17438889,-85.736,22458.0,4539.0,20.0,64772.0,19751.0,114579.0,346.0,111324.0,0.00011181026373291013,0.08609271523178808,0.08940397350993377
SEA,Seattle-Tacoma Intl,47.44898194,-122.30931310000001,109069.0,20297.0,18.0,352210.0,47410.0,288626.0,3357.0,360159.0,0.03833730171145242,0.18543046357615894,0.18543046357615894
SFO,San Francisco International,37.61900194,-122.3748433,140587.0,33393.0,23.0,673902.0,46930.0,334335.0,1295.0,995242.0,0.045973263655420565,0.2251655629139073,0.22847682119205298
SGF,Springfield-Branson Regional,37.24432611,-93.38685806,10087.0,2057.0,20.0,64334.0,14130.0,55463.0,51.0,35354.0,1.3751072583661525e-06,0.033112582781456956,0.033112582781456956
SGU,St George Muni,37.09058333,-113.59305559999999,3319.0,249.0,7.0,4670.0,964.0,1693.0,39.0,5639.0,0.0,0.006622516556291391,0.009933774834437087
SHV,Shreveport Regional,32.446627500000005,-93.82559833,8079.0,1362.0,16.0,22795.0,8824.0,20850.0,122.0,32910.0,0.0,0.019867549668874173,0.019867549668874173
SIT,Sitka,57.04713806,-135.3615983,1332.0,238.0,17.0,4017.0,1552.0,1616.0,55.0,8854.0,0.0,0.009933774834437087,0.009933774834437087
SJC,San Jose International,37.36186194,-121.92900890000001,57136.0,7701.0,13.0,90557.0,9960.0,63189.0,955.0,237569.0,0.000614537708934078,0.09271523178807947,0.08609271523178808
SJT,San Angelo Regional /Mathis ,31.35775,-100.4963056,1316.0,165.0,12.0,1587.0,1268.0,1183.0,0.0,5275.0,0.0,0.0033112582781456954,0.0033112582781456954
SJU,Luis Munoz Marin International,18.43941667,-66.00183333,21676.0,4993.0,23.0,114330.0,1072.0,63593.0,292.0,139325.0,0.00013041521627667448,0.076158940397351,0.0728476821192053
SLC,Salt Lake City Intl,40.78838778,-111.9777731,139088.0,20824.0,14.0,367629.0,74399.0,269409.0,2562.0,348955.0,0.11620390070112355,0.36423841059602646,0.3609271523178808
SLE,McNary Fld,44.90952778,-123.0025,486.0,22.0,4.0,905.0,0.0,16.0,20.0,689.0,0.0,0.0033112582781456954,0.0033112582781456954
SMF,Sacramento International,38.69542167,-121.5907669,53056.0,8025.0,15.0,98408.0,8221.0,72506.0,344.0,235818.0,0.003488903206837548,0.11920529801324503,0.11920529801324503
SMX,Santa Maria Pub/Capt G Allan Hancock ,34.89924833,-120.4575825,1681.0,158.0,9.0,3525.0,50.0,1318.0,54.0,3804.0,0.0,0.0033112582781456954,0.0033112582781456954
SNA,John Wayne /Orange Co,33.67565861,-117.86822250000002,47376.0,7205.0,15.0,70585.0,7597.0,120792.0,775.0,183318.0,0.0007358060364905344,0.08609271523178808,0.08278145695364239
SPI,Capital,39.84395194,-89.67761861,1225.0,333.0,27.0,6700.0,251.0,16543.0,80.0,8194.0,4.354864605616066e-06,0.006622516556291391,0.009933774834437087
SPS,Sheppard AFB/Wichita Falls Municipal,33.98879611,-98.49189333,1834.0,207.0,11.0,3043.0,1946.0,1494.0,0.0,6640.0,0.0,0.0033112582781456954,0.0033112582781456954
SRQ,Sarasota Bradenton International,27.39533333,-82.55411111,6432.0,1339.0,20.0,17129.0,5193.0,32506.0,0.0,31814.0,7.960418605645327e-06,0.052980132450331126,0.04966887417218543
STL,Lambert-St Louis International,38.74768694,-90.35998972,62733.0,12409.0,19.0,130535.0,38579.0,222469.0,619.0,317618.0,0.0013176358793383655,0.16556291390728478,0.16556291390728478
STT,Cyril E. King,18.33730556,-64.97336111,2972.0,677.0,22.0,11281.0,428.0,9471.0,39.0,17943.0,2.7523416351234447e-06,0.029801324503311258,0.039735099337748346
STX,Henry E. Rohlsen ,17.70188889,-64.79855556,436.0,134.0,30.0,1168.0,174.0,1311.0,12.0,4425.0,0.0,0.009933774834437087,0.009933774834437087
SUN,Friedman Memorial,43.50484139,-114.29659029999999,2871.0,217.0,7.0,3780.0,2234.0,1594.0,32.0,4106.0,0.0,0.0033112582781456954,0.0033112582781456954
SUX,Sioux Gateway ,42.40260333,-96.38436694,122.0,19.0,15.0,118.0,155.0,187.0,0.0,681.0,0.0,0.0033112582781456954,0.0033112582781456954
SWF,Stewart,41.50409361,-74.10483833,4249.0,837.0,19.0,18347.0,3445.0,17517.0,0.0,11564.0,1.395036349067111e-06,0.026490066225165563,0.019867549668874173
SYR,Syracuse-Hancock Intl,43.11118694,-76.10631056,12032.0,2983.0,24.0,49077.0,7873.0,86526.0,262.0,57458.0,9.504036983434613e-07,0.046357615894039736,0.046357615894039736
TEX,Telluride Regional,37.95375861,-107.90848000000001,194.0,56.0,28.0,2271.0,103.0,1003.0,0.0,0.0,0.0,0.0033112582781456954,0.0033112582781456954
TLH,Tallahassee Regional,30.39652778,-84.35033333,5912.0,1072.0,18.0,20501.0,6479.0,19657.0,8.0,17730.0,5.946409765907687e-07,0.026490066225165563,0.026490066225165563
TOL,Toledo Express,41.58680556,-83.80783333,1478.0,280.0,18.0,2825.0,461.0,6955.0,0.0,7017.0,0.0,0.009933774834437087,0.009933774834437087
TPA,Tampa International ,27.97547222,-82.53325,78179.0,14317.0,18.0,169733.0,47812.0,250906.0,165.0,370048.0,0.004419449714196751,0.2052980132450331,0.20860927152317882
TRI,Tri-Cities Regional,36.47521417,-82.40742056,2117.0,360.0,17.0,11165.0,1732.0,7023.0,8.0,3495.0,0.0,0.013245033112582781,0.013245033112582781
TUL,Tulsa International,36.19837222,-95.88824167,23459.0,4031.0,17.0,57650.0,13894.0,65849.0,707.0,99285.0,0.0005607914881369557,0.08609271523178808,0.08940397350993377
TUP,Tupelo Municipal ,34.26810833,-88.76989499999999,10.0,1.0,10.0,0.0,0.0,26.0,0.0,0.0,0.0,0.0033112582781456954,0.0
TUS,Tucson International,32.11608333,-110.94102779999999,26661.0,3829.0,14.0,64554.0,6254.0,46066.0,163.0,86099.0,0.00039905021767529345,0.09602649006622517,0.10264900662251655
TVC,Cherry Capital,44.74144472,-85.582235,4262.0,877.0,20.0,14711.0,2937.0,31957.0,0.0,16756.0,0.0,0.023178807947019868,0.019867549668874173
TWF,Joslin Field - Magic Valley,42.48180389,-114.4877356,1813.0,185.0,10.0,1953.0,4111.0,726.0,5.0,5155.0,0.0,0.0033112582781456954,0.0033112582781456954
TXK,Texarkana Regional-Webb ,33.45370806,-93.99101999999999,1250.0,173.0,13.0,2303.0,2326.0,1626.0,0.0,5254.0,0.0,0.0033112582781456954,0.0033112582781456954
TYR,Tyler Pounds ,32.35413889,-95.40238611,1585.0,191.0,12.0,3287.0,1549.0,2506.0,0.0,5456.0,0.0,0.0033112582781456954,0.0033112582781456954
TYS,McGhee-Tyson,35.81248722,-83.99285583,14004.0,2782.0,19.0,48960.0,14992.0,70954.0,190.0,50099.0,3.0288965395546323e-06,0.04966887417218543,0.046357615894039736
VLD,Valdosta Regional,30.7825,-83.27672222,938.0,188.0,20.0,5128.0,1752.0,3512.0,0.0,1797.0,0.0,0.0033112582781456954,0.0033112582781456954
VPS,Eglin Air Force Base,30.48325,-86.5254,6820.0,1393.0,20.0,35067.0,7458.0,27607.0,34.0,28203.0,0.0,0.023178807947019868,0.023178807947019868
WRG,Wrangell,56.48432583,-132.3698242,727.0,139.0,19.0,1244.0,536.0,610.0,103.0,6086.0,1.100085806692922e-05,0.006622516556291391,0.006622516556291391
WYS,Yellowstone,44.68839917,-111.1176375,264.0,3.0,1.0,0.0,0.0,3.0,0.0,155.0,0.0,0.0033112582781456954,0.0033112582781456954
XNA,Northwest Arkansas Regional,36.28186944,-94.30681111,14112.0,3075.0,21.0,54723.0,11515.0,81755.0,219.0,67817.0,0.00045146455107926837,0.06291390728476821,0.056291390728476824
YAK,Yakutat,59.50336056,-139.6602261,725.0,153.0,21.0,913.0,48.0,566.0,50.0,9001.0,5.647107141023667e-05,0.006622516556291391,0.006622516556291391
YKM,Yakima Air Terminal,46.56816972,-120.54405940000001,340.0,67.0,19.0,699.0,182.0,325.0,0.0,885.0,0.0,0.0033112582781456954,0.0033112582781456954
YUM,Yuma MCAS-Yuma International,32.65658333,-114.60597220000001,3871.0,437.0,11.0,14833.0,701.0,3927.0,708.0,3320.0,0.00033546528593176786,0.016556291390728478,0.016556291390728478
INL,Falls International,48.56618722,-93.40306667,nan,nan,nan,nan,nan,nan,nan,nan,0.0,0.0,0.0033112582781456954
