"flightdate","month","dayofmonth","arrdelay","depdelay","distance","taxiin","taxiout","carrierdelay","weatherdelay","nasdelay","securitydelay","lateaircraftdelay"
"2008-12-31",12,31,"211239","186654","3120750","29102","83663","63361","15859","48093","337","83589"
"2008-12-30",12,30,"208733","191278","3076830","30718","82673","62184","11403","54561","423","80162"
"2008-12-29",12,29,"133647","132590","2162967","21050","50493","59673","2941","17315","435","53283"
"2008-12-28",12,28,"264546","256653","3427921","38685","93793","98948","11718","46967","311","106602"
"2008-12-27",12,27,"592702","530518","5822953","65902","177686","155183","42806","131515","361","262837"
"2008-12-26",12,26,"565116","498050","5213616","67035","170051","119023","39784","136647","453","269209"
"2008-12-25",12,25,"193354","168508","2862113","31526","71433","65673","11766","45217","74","70624"
"2008-12-24",12,24,"515397","461946","5399203","61968","150234","128826","32800","130602","595","222574"
"2008-12-23",12,23,"689233","597566","6486411","84487","214106","148057","52476","177166","1254","310280"
"2008-12-22",12,22,"546641","519147","6488388","75142","165956","176879","38410","87206","1559","242587"
"2008-12-21",12,21,"671927","594101","6841963","89047","201655","163371","68841","154551","413","284751"
"2008-12-20",12,20,"591380","499098","6315364","72325","198732","149684","57242","160153","1221","223080"
"2008-12-19",12,19,"716421","621271","6597074","80634","202646","135872","74400","191569","629","313951"
"2008-12-18",12,18,"475387","423626","5919044","62779","149747","109973","53941","93985","525","216963"
"2008-12-17",12,17,"434109","365070","5847907","61447","174961","105974","27025","119936","237","180937"
"2008-12-16",12,16,"442197","314071","5355076","67789","204517","79582","40908","171124","197","150386"
"2008-12-15",12,15,"391010","326167","5163353","52849","152686","79813","26844","148133","121","136099"
"2008-12-14",12,14,"231706","181761","3494551","33642","111889","53887","9187","84451","197","83984"
"2008-12-13",12,13,"103010","80533","1867898","17410","55114","31541","6141","31016","91","34221"
"2008-12-12",12,12,"184329","158739","2955029","29913","91698","54164","6767","61011","127","62260"
"2008-12-11",12,11,"279159","235780","3659086","39916","112361","65150","19234","101875","197","92703"
"2008-12-10",12,10,"331116","261401","3683622","45874","141832","60004","17643","139799","191","113479"
"2008-12-09",12,9,"227913","147865","3054215","34511","115146","42726","13568","105888","65","65666"
"2008-12-08",12,8,"125954","90257","2017640","22477","75084","34576","6949","46396","256","37777"
"2008-12-07",12,7,"165953","135331","2608688","26953","84669","42265","5460","63698","117","54413"
"2008-12-06",12,6,"93018","64459","1559263","18373","62000","28275","4725","32920","494","26604"
"2008-12-05",12,5,"108935","85968","2074275","20976","57365","39912","2653","29701","97","36572"
"2008-12-04",12,4,"160901","120993","2800875","28225","88677","41197","3655","57055","253","58741"
"2008-12-03",12,3,"126665","95576","2269869","26018","73590","36825","5499","42744","98","41499"
"2008-12-02",12,2,"132958","116628","2445662","26407","67127","50514","1667","33957","208","46612"
"2008-12-01",12,1,"635010","566022","6444573","77707","191478","117898","35647","164145","645","316675"
"2008-11-30",11,30,"737971","608737","6792017","78619","247968","107060","36956","269452","430","324073"
"2008-11-29",11,29,"163663","124312","2552683","28656","78103","45061","3922","55039","273","59368"
"2008-11-28",11,28,"42313","36144","896764","7619","19602","19789","2020","10598","76","9830"
"2008-11-27",11,27,"40559","35143","738075","7705","17468","16360","1546","11822","87","10744"
"2008-11-26",11,26,"85893","75736","1552573","15409","44801","29951","1500","22206","42","32194"
"2008-11-25",11,25,"100992","83625","1775611","19161","55524","34458","2900","33676","46","29912"
"2008-11-24",11,24,"90276","72776","1582508","17217","50331","34884","1696","24658","24","29014"
"2008-11-23",11,23,"63748","59032","1152834","11829","28357","29194","2066","11522","129","20837"
"2008-11-22",11,22,"100794","93711","1655088","15492","40277","33796","4661","22382","99","39856"
"2008-11-21",11,21,"155448","132073","2699471","27192","79860","47911","4389","41139","141","61868"
"2008-11-20",11,20,"126857","104373","2270453","23866","69738","43073","1731","36341","161","45551"
"2008-11-19",11,19,"88788","76528","1330788","13974","44895","28837","480","29409","71","29991"
"2008-11-18",11,18,"68510","54403","1329614","13105","39644","30024","999","21682","165","15640"
"2008-11-17",11,17,"79635","66126","1497773","15991","47197","33545","1796","23798","19","20477"
"2008-11-16",11,16,"122848","108665","1972713","21385","64445","43092","3503","40908","7","35338"
"2008-11-15",11,15,"118064","90100","1968519","18264","60093","32645","4273","52007","211","28928"
"2008-11-14",11,14,"373261","315776","3775584","45236","137038","59557","16634","148522","108","148440"
"2008-11-13",11,13,"243412","192659","3311415","36632","117599","46296","8839","108806","409","79062"
"2008-11-12",11,12,"147311","117881","2436010","23919","71382","37270","1888","61077","37","47039"
"2008-11-11",11,11,"148232","106508","2061062","20924","75005","36062","4913","62052","114","45091"
"2008-11-10",11,10,"105106","87737","1630558","17344","48326","34518","8056","32320","64","30148"
"2008-11-09",11,9,"151348","146013","1899434","19510","52790","41437","1547","42643","13","65708"
"2008-11-08",11,8,"80341","72608","1306481","12099","36800","26754","2172","31050","167","20198"
"2008-11-07",11,7,"174215","158408","2669487","29373","82425","46197","5058","66188","159","56613"
"2008-11-06",11,6,"208196","187222","2574271","26234","81418","39391","7940","99488","55","61322"
"2008-11-05",11,5,"94255","67334","1674496","16491","54006","24914","1794","44944","89","22514"
"2008-11-04",11,4,"68819","58737","1291120","12503","35696","20322","806","25314","88","22289"
"2008-11-03",11,3,"108490","92207","1690824","16241","48152","30274","2170","36011","40","39995"
"2008-11-02",11,2,"149031","141548","1957874","19888","49303","40428","2308","41052","50","65193"
"2008-11-01",11,1,"80193","73894","1147667","10840","26551","28875","879","21790","713","27936"
"2008-10-31",10,31,"85474","78036","1483999","13889","35880","30228","1101","24440","23","29682"
"2008-10-30",10,30,"88802","76902","1658463","17103","47002","34495","927","26274","472","26634"
"2008-10-29",10,29,"80370","71645","1368685","13675","36598","29091","2416","27258","49","21556"
"2008-10-28",10,28,"175320","152043","2409836","22614","71047","40206","9435","75243","19","50417"
"2008-10-27",10,27,"168565","144398","2652635","26150","75810","42433","4048","56178","174","65732"
"2008-10-26",10,26,"149928","138346","2124822","20691","56252","51406","3962","41745","135","52680"
"2008-10-25",10,25,"123130","98824","1813817","15610","49720","34432","6244","54359","50","28045"
"2008-10-24",10,24,"290109","245227","2986122","35502","102609","58710","9417","90147","583","131252"
"2008-10-23",10,23,"99614","81558","1936700","18411","53092","41745","479","25732","82","31576"
"2008-10-22",10,22,"145599","120262","2243651","20830","65903","35786","11568","51177","90","46978"
"2008-10-21",10,21,"73041","62460","1441130","12528","40443","24695","2066","26462","30","19788"
"2008-10-20",10,20,"84060","73169","1605820","15953","40463","34968","1125","20115","84","27768"
"2008-10-19",10,19,"90323","80965","1676000","16951","46918","38863","879","21314","240","29027"
"2008-10-18",10,18,"46856","42466","891837","9105","22402","24388","1912","9686","120","10750"
"2008-10-17",10,17,"126512","102839","2174163","23453","73477","47069","1602","35371","163","42307"
"2008-10-16",10,16,"155166","135548","2469677","24271","75520","48016","3305","55345","270","48230"
"2008-10-15",10,15,"177791","142952","2214410","22061","82549","41159","10494","72401","98","53639"
"2008-10-14",10,14,"59525","50247","1179802","13463","32512","27185","515","14385","46","17394"
"2008-10-13",10,13,"90116","75548","1581077","18288","46572","34419","905","22657","293","31842"
"2008-10-12",10,12,"101784","85360","1728360","19561","52007","34553","4228","26778","476","35749"
"2008-10-11",10,11,"77079","58469","1522712","15415","40045","26894","3061","25117","70","21937"
"2008-10-10",10,10,"115814","95188","2018826","21562","63044","41897","2794","28846","561","41716"
"2008-10-09",10,9,"117524","101714","2033432","21148","59153","42700","3398","34129","66","37231"
"2008-10-08",10,8,"167589","138912","1940338","25252","69802","46300","4576","56372","70","60271"
"2008-10-07",10,7,"108593","86244","1530193","15347","51495","34090","2494","40147","97","31765"
"2008-10-06",10,6,"76101","62480","1454296","15726","38739","30164","1600","20042","107","24188"
"2008-10-05",10,5,"112012","99299","1861715","20023","53691","42181","5113","29735","677","34306"
"2008-10-04",10,4,"59997","54123","890987","8223","21869","26078","308","14599","16","18996"
"2008-10-03",10,3,"104150","96126","1750898","17930","52558","34621","2421","33136","59","33913"
"2008-10-02",10,2,"92936","86920","1392465","14105","41561","35862","1667","26832","63","28512"
"2008-10-01",10,1,"63130","53611","1157715","11781","35006","30420","1032","16362","2","15314"
"2008-09-30",9,30,"76192","63514","1270165","12812","38567","30007","2262","23937","124","19862"
"2008-09-29",9,29,"109101","97862","1672828","16850","46464","40653","1694","34616","1","32137"
"2008-09-28",9,28,"148520","125463","2073778","21807","71829","41321","8123","53399","42","45635"
"2008-09-27",9,27,"75750","60825","1356977","14499","44386","27455","2739","27900","135","17521"
"2008-09-26",9,26,"229789","207743","2903153","29062","86346","48834","11513","91066","521","77855"
"2008-09-25",9,25,"145983","114293","2488711","24148","78639","42787","3437","58749","53","40957"
"2008-09-24",9,24,"96650","73228","1767489","20373","56251","35855","3484","32938","168","24205"
"2008-09-23",9,23,"66199","49223","1281466","12642","39223","26148","2826","23116","165","13944"
"2008-09-22",9,22,"97926","79057","1761176","19119","57685","36516","1696","29188","333","30193"
"2008-09-21",9,21,"125117","113705","1738780","19075","53330","48628","3226","27195","184","45884"
"2008-09-20",9,20,"43491","40467","855832","8527","21385","22097","736","9628","86","10944"
"2008-09-19",9,19,"91024","78500","1627109","17133","52786","36319","1983","24548","282","27892"
"2008-09-18",9,18,"81244","67455","1514023","16708","51869","30565","1866","25375","131","23307"
"2008-09-17",9,17,"77690","68465","1271982","12740","37127","35699","1600","19407","38","20946"
"2008-09-16",9,16,"83495","73584","1270420","12908","38486","37719","1130","19793","79","24774"
"2008-09-15",9,15,"157260","149820","2043619","21460","56062","72577","8966","29361","381","45975"
"2008-09-14",9,14,"220510","204214","2447835","26970","77899","60171","18903","69456","81","71899"
"2008-09-13",9,13,"130154","111907","1766365","20939","47079","35360","12037","46157","173","36427"
"2008-09-12",9,12,"264493","228814","3134038","34433","107047","60054","12194","107222","526","84497"
"2008-09-11",9,11,"120807","97239","2045918","21040","65719","43142","4411","34934","192","38128"
"2008-09-10",9,10,"80902","64681","1420406","14608","48086","33013","1540","23733","55","22561"
"2008-09-09",9,9,"245428","209228","2919885","28428","93511","47483","18461","96301","48","83135"
"2008-09-08",9,8,"210501","170045","2538809","29898","90891","56161","14819","79340","167","60014"
"2008-09-07",9,7,"96741","86996","1486900","18972","38295","53821","1206","15971","171","25572"
"2008-09-06",9,6,"97600","85741","1497564","14167","40964","34268","5130","35432","185","22585"
"2008-09-05",9,5,"83869","68658","1607126","16378","50665","37072","895","23016","88","22798"
"2008-09-04",9,4,"155627","132994","1782841","18236","61119","40089","4036","66138","202","45162"
"2008-09-03",9,3,"64549","54445","1126401","12341","33347","28071","3475","15497","64","17442"
"2008-09-02",9,2,"85063","72475","1553626","15407","45570","39738","1315","20449","106","23455"
"2008-09-01",9,1,"72268","67486","1316663","12754","32077","37065","1329","13627","42","20205"
"2008-08-31",8,31,"49575","46077","875116","8622","19844","26856","1389","10252","50","11028"
"2008-08-30",8,30,"75117","68420","1302488","13793","36509","31136","4440","17882","81","21578"
"2008-08-29",8,29,"179838","167233","2765769","27597","81184","61333","18130","36335","91","63949"
"2008-08-28",8,28,"141341","120118","2422085","24153","75743","56006","6847","35967","89","42432"
"2008-08-27",8,27,"116175","95394","2119927","20692","68200","44810","4765","35476","172","30952"
"2008-08-26",8,26,"253349","203139","2840678","33739","121646","52334","6670","114729","334","79282"
"2008-08-25",8,25,"236801","206476","2886375","31514","91427","56732","21474","80856","151","77588"
"2008-08-24",8,24,"135639","118104","2139448","23902","67499","53160","4807","38258","114","39300"
"2008-08-23",8,23,"107078","99664","1755399","17037","44068","40902","6053","23974","383","35766"
"2008-08-22",8,22,"180188","159819","2679194","27813","84144","59959","6948","47857","153","65271"
"2008-08-21",8,21,"235847","202830","3269553","32602","95890","65974","9390","66601","110","93772"
"2008-08-20",8,20,"238382","184713","3479162","33893","127888","54085","8929","80846","229","94293"
"2008-08-19",8,19,"118050","100879","2016977","20331","57024","47471","1342","32741","29","36467"
"2008-08-18",8,18,"171439","155898","2696881","26533","72278","61743","5680","41980","240","61796"
"2008-08-17",8,17,"160068","151192","2581142","25888","61936","74294","1794","29279","557","54144"
"2008-08-16",8,16,"219435","203753","3453318","31404","76587","76580","11734","48720","295","82106"
"2008-08-15",8,15,"442513","389608","5254725","50034","154539","92461","28579","139596","357","181520"
"2008-08-14",8,14,"339631","278181","3876419","40449","129954","74527","35002","125192","122","104788"
"2008-08-13",8,13,"156517","137672","2596901","25958","70121","71629","2543","33214","703","48428"
"2008-08-12",8,12,"183196","165143","3266238","29708","82774","72754","4234","41739","337","64132"
"2008-08-11",8,11,"400038","369646","4252287","41018","120046","98440","28556","122670","245","150127"
"2008-08-10",8,10,"394914","345702","4038895","41365","125116","81879","24902","136613","167","151353"
"2008-08-09",8,9,"166589","150745","2858258","26728","72222","62391","4600","44027","192","55379"
"2008-08-08",8,8,"276873","253199","3657888","35481","108082","93758","10818","78752","500","93045"
"2008-08-07",8,7,"393374","325247","4733146","51561","172479","88534","26724","145066","181","132869"
"2008-08-06",8,6,"218089","187091","3172385","32624","101671","68020","11109","68229","283","70448"
"2008-08-05",8,5,"279888","259517","3712106","38724","97281","85491","23511","67268","215","103403"
"2008-08-04",8,4,"392791","356187","3839742","43522","123035","86878","32933","122970","549","149461"
"2008-08-03",8,3,"227064","208768","3367387","34556","98861","92659","9187","45289","73","79856"
"2008-08-02",8,2,"343598","302476","4035997","38797","124556","97654","24654","104633","252","116405"
"2008-08-01",8,1,"262677","245484","3665106","42069","114306","100134","11162","51737","160","99484"
"2008-07-31",7,31,"452659","402175","4409896","55958","147266","94732","44781","150650","147","162349"
"2008-07-30",7,30,"221042","191184","3330373","33155","103036","81048","11626","53200","98","75070"
"2008-07-29",7,29,"221842","183948","2967902","31043","101923","70312","8725","77196","158","65451"
"2008-07-28",7,28,"227245","216848","3241265","32782","88229","95633","6323","46776","240","78273"
"2008-07-27",7,27,"470486","431100","4250478","44504","132535","100908","37818","152029","266","179465"
"2008-07-26",7,26,"158969","148502","2624279","25133","66058","61778","6435","37171","184","53401"
"2008-07-25",7,25,"227970","215144","3375431","35618","91885","93130","7655","39597","2144","85444"
"2008-07-24",7,24,"409892","376865","5123675","50536","145848","113123","20819","106087","2734","167129"
"2008-07-23",7,23,"464798","372546","4751822","47384","176014","92086","41028","185981","146","145557"
"2008-07-22",7,22,"304742","246028","3892619","39186","144017","69307","16603","120719","980","97133"
"2008-07-21",7,21,"234639","211016","3337350","33740","99922","81004","8496","69622","245","75272"
"2008-07-20",7,20,"326249","275561","3727214","37931","134573","87904","16022","120931","208","101184"
"2008-07-19",7,19,"182883","165225","2834699","27561","83436","60972","4709","55549","218","61435"
"2008-07-18",7,18,"246999","210934","3207958","35053","114293","73810","5964","76731","440","90054"
"2008-07-17",7,17,"201030","163861","3219581","30276","109427","62402","7988","68442","187","62011"
"2008-07-16",7,16,"148725","134480","2339609","23171","68098","64645","2410","32991","416","48263"
"2008-07-15",7,15,"182010","165736","2684281","26878","75078","62448","11265","41635","284","66378"
"2008-07-14",7,14,"253382","235159","3745210","39429","111495","95713","9862","54770","58","92979"
"2008-07-13",7,13,"608987","519947","4934611","65817","184390","94267","63211","229581","196","221732"
"2008-07-12",7,12,"217259","192500","3473293","34804","92803","68497","13110","60423","241","74988"
"2008-07-11",7,11,"218346","196153","3240831","34735","97712","83143","7591","52261","109","75242"
"2008-07-10",7,10,"431011","371585","3900620","45342","142222","83050","55911","143400","278","148372"
"2008-07-09",7,9,"326548","273386","4266179","41361","147466","75520","14212","125721","281","110814"
"2008-07-08",7,8,"428153","358563","5006471","52127","177068","95492","28566","140092","763","163240"
"2008-07-07",7,7,"395050","348910","5227998","51595","163231","100474","16415","119885","252","158024"
"2008-07-06",7,6,"422759","380479","4245866","47920","138321","89121","44034","137304","144","152156"
"2008-07-05",7,5,"132291","117473","2016341","21662","57174","46786","10396","34467","390","40252"
"2008-07-04",7,4,"73161","68100","1172501","11041","27139","36768","2797","14628","24","18944"
"2008-07-03",7,3,"166039","152521","2657592","26857","76300","64570","4759","41001","134","55575"
"2008-07-02",7,2,"271169","228976","3257183","34386","103754","62600","24193","91414","971","91991"
"2008-07-01",7,1,"138611","121435","2475632","24092","67804","55854","2070","35783","190","44714"
"2008-06-30",6,30,"203027","185055","3351415","34135","90719","79358","6730","43824","239","72876"
"2008-06-29",6,29,"446493","399135","4907392","50352","151080","103556","26061","153054","370","163452"
"2008-06-28",6,28,"283054","235621","4029951","38760","118763","75156","22486","91965","778","92669"
"2008-06-27",6,27,"403605","346762","5284046","53039","176941","92301","17979","144759","315","148251"
"2008-06-26",6,26,"465486","401152","5233383","53330","173699","103843","33828","152787","338","174690"
"2008-06-25",6,25,"266341","230825","3804173","36409","112065","73703","11872","77426","177","103163"
"2008-06-24",6,24,"227868","205693","3458043","32127","96749","67859","8478","60056","320","91155"
"2008-06-23",6,23,"395401","355980","5239076","51243","147735","102584","20284","128208","456","143869"
"2008-06-22",6,22,"457077","390922","5168592","50976","164826","85790","30115","165705","192","175275"
"2008-06-21",6,21,"226002","194011","3567893","33558","93919","67817","15413","52198","433","90141"
"2008-06-20",6,20,"255270","211066","4177478","40962","123442","81330","9516","74893","379","89152"
"2008-06-19",6,19,"365635","314884","4943582","48814","142419","78929","38558","83788","363","163997"
"2008-06-18",6,18,"258599","203906","3760800","35224","119320","63973","18638","93668","107","82213"
"2008-06-17",6,17,"261041","225346","3892717","38920","110702","69837","16244","71573","333","103054"
"2008-06-16",6,16,"451709","397027","5233057","49578","155737","104813","25013","156483","305","165095"
"2008-06-15",6,15,"373288","336063","4580756","47793","132519","103025","13052","96658","392","160161"
"2008-06-14",6,14,"276198","225350","3596468","36478","112266","73083","20189","99030","494","83402"
"2008-06-13",6,13,"406814","333661","5731232","54285","169847","83579","23821","144756","352","154306"
"2008-06-12",6,12,"261997","212706","4347188","42240","121968","79916","8868","79714","375","93124"
"2008-06-11",6,11,"280767","208520","4527151","43687","144432","72529","11984","109641","70","86543"
"2008-06-10",6,10,"371959","303088","4752890","46589","145263","85850","29993","128473","233","127410"
"2008-06-09",6,9,"393837","338520","5209953","52860","147942","111656","21830","113064","471","146816"
"2008-06-08",6,8,"452829","369290","4837256","51124","147401","99528","34203","163011","361","155726"
"2008-06-07",6,7,"230158","186381","3419488","31040","98378","81529","6798","65123","277","76431"
"2008-06-06",6,6,"383811","328335","4792940","46620","147891","90971","12574","139374","284","140608"
"2008-06-05",6,5,"386937","313535","5693864","51343","155475","91476","20071","136302","260","138828"
"2008-06-04",6,4,"481911","379798","5806856","54385","196949","82680","45624","186761","561","166285"
"2008-06-03",6,3,"301627","226040","4248230","37062","134872","56436","12561","133440","161","99029"
"2008-06-02",6,2,"115640","99205","2236028","20021","54488","52463","2620","26333","452","33772"
"2008-06-01",6,1,"187891","156984","3295439","30434","85552","66697","6429","54851","766","59148"
"2008-05-31",5,31,"261786","209692","3401966","31045","94800","56749","16224","99438","2348","87027"
"2008-05-30",5,30,"259820","210922","3321616","31000","104028","53343","6143","105699","73","94562"
"2008-05-29",5,29,"121079","98842","2422608","21287","60477","40358","2760","40538","88","37335"
"2008-05-28",5,28,"138762","111433","2839261","24313","72077","53958","2031","37374","309","45090"
"2008-05-27",5,27,"371294","309266","3675703","36073","121681","58695","45458","131347","417","135377"
"2008-05-26",5,26,"117911","103304","2167536","18996","52146","47036","3283","31353","282","35957"
"2008-05-25",5,25,"61943","54575","1222933","10700","23301","29805","2113","12224","83","17718"
"2008-05-24",5,24,"108657","94554","2053332","17923","45019","40457","2389","26598","195","39018"
"2008-05-23",5,23,"248073","201464","4448426","40917","120019","77186","6195","71529","190","92973"
"2008-05-22",5,22,"318692","264695","5071482","44938","139087","78327","10652","99470","502","129741"
"2008-05-21",5,21,"144752","125460","2626073","25017","69541","53756","1463","39302","307","49924"
"2008-05-20",5,20,"259332","209187","3383276","33487","119558","56836","13423","101739","103","87231"
"2008-05-19",5,19,"161480","150371","2829746","26541","71007","59061","2680","42131","267","57341"
"2008-05-18",5,18,"167007","152900","2674063","24652","67467","53806","5965","44711","176","62349"
"2008-05-17",5,17,"81561","74930","1637852","15513","32557","41422","1426","15736","97","22880"
"2008-05-16",5,16,"309021","265489","4285094","42581","121224","70275","11027","113130","278","114311"
"2008-05-15",5,15,"177425","142745","3450374","33216","86550","62268","5163","49253","253","60488"
"2008-05-14",5,14,"207341","171373","3239395","32588","88366","60566","7954","59665","96","79060"
"2008-05-13",5,13,"150162","105006","2757672","24287","85021","43518","4121","58151","48","44324"
"2008-05-12",5,12,"264480","235487","4167180","36400","97916","66527","7677","88549","472","101255"
"2008-05-11",5,11,"234363","197163","3604846","35836","90052","65321","6016","79331","593","83102"
"2008-05-10",5,10,"98486","79339","2365773","18745","42555","40101","1566","27767","456","28596"
"2008-05-09",5,9,"254013","218173","4073505","36034","99934","60935","7569","96302","39","89168"
"2008-05-08",5,8,"153756","131562","2901642","26036","75854","47517","4228","50297","273","51441"
"2008-05-07",5,7,"230353","175545","3812717","34542","111801","51681","3810","86139","448","88275"
"2008-05-06",5,6,"136359","106006","2548330","23515","62224","42850","6046","38368","108","48987"
"2008-05-05",5,5,"172710","138005","2887359","28188","86281","55193","5437","47907","66","64107"
"2008-05-04",5,4,"134593","124964","2171044","20643","52682","50364","2646","35414","193","45976"
"2008-05-03",5,3,"138890","123048","2327432","21096","60265","62562","4373","30546","440","40969"
"2008-05-02",5,2,"556445","469194","5857577","60383","185005","91816","35310","183645","288","245386"
"2008-05-01",5,1,"172784","132294","3013468","27885","98029","50342","4865","53018","263","64296"
"2008-04-30",4,30,"106766","89287","1986232","17868","56740","43133","1267","31056","136","31174"
"2008-04-29",4,29,"133965","119736","2202014","20462","65559","41323","3920","44024","52","44646"
"2008-04-28",4,28,"370123","317663","4445696","42785","138411","68651","12616","154307","157","134392"
"2008-04-27",4,27,"158898","136136","2501711","25592","70932","68256","3063","35877","254","51448"
"2008-04-26",4,26,"160841","139552","2361987","22064","65777","65834","5462","40302","208","49035"
"2008-04-25",4,25,"340374","273553","3670698","36037","124765","72968","22269","113149","316","131672"
"2008-04-24",4,24,"149918","124648","2696306","24986","74425","54738","1415","43442","161","50162"
"2008-04-23",4,23,"157151","119748","2609149","24284","77609","50845","6720","50828","128","48630"
"2008-04-22",4,22,"97511","80854","1959567","17300","52124","34856","2529","28550","236","31340"
"2008-04-21",4,21,"145488","124563","2466799","23534","73522","51031","4446","38507","597","50907"
"2008-04-20",4,20,"219924","185950","3315215","31670","97555","60964","8607","66222","216","83915"
"2008-04-19",4,19,"110268","103040","2078219","16577","40322","51160","1111","18495","47","39455"
"2008-04-18",4,18,"155324","136149","2647783","26330","75191","62746","2715","33789","337","55737"
"2008-04-17",4,17,"136927","110770","2154906","20551","57699","43032","10192","36088","488","47127"
"2008-04-16",4,16,"129228","104493","2055327","20233","71647","39192","2045","49533","180","38278"
"2008-04-15",4,15,"99133","81634","1933822","17936","52800","36851","1431","29848","105","30898"
"2008-04-14",4,14,"128916","109628","2484864","23049","61151","52356","1699","32053","189","42619"
"2008-04-13",4,13,"163568","142097","2956195","28716","73997","70347","1115","34725","401","56980"
"2008-04-12",4,12,"177018","148533","3064544","28755","81302","64135","2771","52366","201","57545"
"2008-04-11",4,11,"397329","328186","4881879","50139","166152","100275","16078","138784","492","141700"
"2008-04-10",4,10,"448498","374046","5238230","51468","167057","106347","26461","135352","316","180022"
"2008-04-09",4,9,"200672","171997","3378096","30949","81378","70966","3822","51742","297","73845"
"2008-04-08",4,8,"174673","135109","2837118","27147","81249","52396","4746","59349","101","58081"
"2008-04-07",4,7,"174835","148223","3294335","31475","89734","57089","5134","53013","379","59220"
"2008-04-06",4,6,"294350","253146","4318221","43871","121116","81476","15211","82238","174","115251"
"2008-04-05",4,5,"204447","179626","3206958","31481","77746","84497","13198","43171","280","63301"
"2008-04-04",4,4,"641814","537823","6434417","69929","216368","121692","67375","208002","191","244554"
"2008-04-03",4,3,"251307","195446","4174868","40902","120600","75428","8776","73835","167","93101"
"2008-04-02",4,2,"157535","126659","3379284","27056","75858","57966","1350","45150","287","52782"
"2008-04-01",4,1,"357734","302335","5072019","46417","138037","86216","11262","140208","552","119496"
"2008-03-31",3,31,"567735","479766","6725549","66356","191742","108811","35387","201747","610","221180"
"2008-03-30",3,30,"375368","311013","5194968","52584","150271","101490","15666","110991","448","146773"
"2008-03-29",3,29,"155551","137842","2749062","26302","65551","64701","6688","32564","429","51169"
"2008-03-28",3,28,"298766","266973","4505239","44158","122779","91282","6908","80952","453","119171"
"2008-03-27",3,27,"289433","244572","3830217","36495","116808","75396","9075","94827","226","109909"
"2008-03-26",3,26,"143308","130108","2718904","24022","60214","50924","2361","40350","420","49253"
"2008-03-25",3,25,"243584","220964","3491406","32190","91504","59750","5086","74325","407","104016"
"2008-03-24",3,24,"141254","120264","2583148","24979","68433","58599","1823","32863","189","47780"
"2008-03-23",3,23,"157669","138385","2545655","23965","66920","65695","2194","32912","455","56413"
"2008-03-22",3,22,"196322","179657","2894482","28919","78335","80118","15173","33600","578","66853"
"2008-03-21",3,21,"372601","317332","4713783","47824","150617","88566","26798","123338","361","133538"
"2008-03-20",3,20,"318030","285886","4703927","44786","127429","89675","9228","89245","510","129372"
"2008-03-19",3,19,"531243","473993","5746616","59555","164225","125571","30149","168403","708","206412"
"2008-03-18",3,18,"398574","343604","4235403","41689","120690","88151","31487","132874","421","145641"
"2008-03-17",3,17,"223105","178492","4194983","38033","106700","73725","3557","68555","354","76914"
"2008-03-16",3,16,"251985","219442","4398431","40580","105115","84222","7668","65697","528","93870"
"2008-03-15",3,15,"362414","305352","4695231","47100","125539","98992","34831","89402","2522","136667"
"2008-03-14",3,14,"238854","197348","4193915","41894","123917","74229","8343","65334","398","90550"
"2008-03-13",3,13,"155822","136059","2599144","24386","76232","59089","2350","37372","307","56704"
"2008-03-12",3,12,"179844","172303","2575000","23635","68360","62421","3235","43156","247","70785"
"2008-03-11",3,11,"148236","136901","2009065","21524","57140","46622","13068","25418","129","62999"
"2008-03-10",3,10,"244684","224525","3356200","35722","91819","89173","10234","44147","263","100867"
"2008-03-09",3,9,"313633","300206","4275735","47227","111351","122787","9886","53686","401","126873"
"2008-03-08",3,8,"515016","446966","5365250","60167","157777","120821","46371","152907","681","194236"
"2008-03-07",3,7,"488161","396625","6233379","68013","195916","118070","34623","139684","678","195106"
"2008-03-06",3,6,"234943","185697","3045895","35897","101891","61116","21432","68464","271","83660"
"2008-03-05",3,5,"249193","219161","3288110","36713","109024","76263","10937","67682","202","94109"
"2008-03-04",3,4,"369254","302297","4028926","46303","142110","83882","39579","129779","403","115611"
"2008-03-03",3,3,"327168","265319","4029930","41910","132846","83927","16563","98926","396","127356"
"2008-03-02",3,2,"226897","187070","3338971","35188","100206","66791","11292","59023","459","89332"
"2008-03-01",3,1,"130428","114215","2381878","23187","64068","57036","2695","28910","663","41124"
"2008-02-29",2,29,"284971","244539","3837238","41744","125097","82547","5208","86015","328","110873"
"2008-02-28",2,28,"149269","129796","2329343","23338","71181","59850","3868","34473","162","50916"
"2008-02-27",2,27,"169458","141934","2890256","29239","89837","59450","5357","48389","432","55830"
"2008-02-26",2,26,"476495","381682","5238774","56829","193566","81189","35570","176292","119","183325"
"2008-02-25",2,25,"273864","235977","3289297","36494","106565","68453","14919","78198","142","112152"
"2008-02-24",2,24,"256769","225877","3828513","37528","96754","86977","9595","54681","1138","104378"
"2008-02-23",2,23,"240629","212908","3525331","33856","94691","79887","8604","59757","451","91930"
"2008-02-22",2,22,"555579","465843","6364505","71316","216481","120314","51820","140851","778","241816"
"2008-02-21",2,21,"355049","291189","4679822","52257","152020","95370","22301","97594","426","139358"
"2008-02-20",2,20,"231226","199454","3312974","34654","101303","66092","16109","65295","297","83433"
"2008-02-19",2,19,"241559","217365","3427080","34710","99042","74324","5002","69027","272","92934"
"2008-02-18",2,18,"442195","395218","4929037","52434","152916","112560","16077","126281","320","186957"
"2008-02-17",2,17,"385444","346234","3917631","45965","113336","98272","30192","107131","811","149038"
"2008-02-16",2,16,"214676","172888","2963650","28196","85901","56695","27277","55806","461","74437"
"2008-02-15",2,15,"273825","231678","4365796","45344","130847","84645","6844","75387","569","106380"
"2008-02-14",2,14,"267997","227092","4204282","43666","132993","90115","4262","58374","249","114997"
"2008-02-13",2,13,"458275","407660","5270101","54481","157528","124415","37208","113472","483","182697"
"2008-02-12",2,12,"530791","395944","5287018","66467","208561","95552","49061","205851","105","180222"
"2008-02-11",2,11,"263027","237866","3267734","35647","98557","81387","20812","60432","202","100194"
"2008-02-10",2,10,"287216","243478","3934721","41965","122502","85024","16279","84192","358","101363"
"2008-02-09",2,9,"106353","88503","1880101","17832","50922","45108","2548","25040","96","33561"
"2008-02-08",2,8,"250429","214829","3701502","38059","118346","66612","5173","74317","646","103681"
"2008-02-07",2,7,"215250","183502","3412001","34858","105998","72779","7538","49086","204","85643"
"2008-02-06",2,6,"336362","269373","3971974","43386","139862","85161","32405","109994","309","108493"
"2008-02-05",2,5,"345599","286261","4058301","42608","132550","83216","27407","106405","85","128486"
"2008-02-04",2,4,"399062","336888","4987433","51452","160957","92297","19397","120412","725","166231"
"2008-02-03",2,3,"338186","279981","3711622","40326","112698","65444","21728","107362","174","143478"
"2008-02-02",2,2,"153304","133432","2336672","24272","65165","59682","7442","36238","362","49580"
"2008-02-01",2,1,"519052","456225","5717921","62146","183916","124879","34323","146292","657","212901"
"2008-01-31",1,31,"509106","407284","5171887","54472","176778","93572","31602","174707","291","208934"
"2008-01-30",1,30,"175004","153210","2600105","29099","80923","54811","9235","52187","93","58678"
"2008-01-29",1,29,"276401","215943","3164818","36643","105083","53832","16226","112532","127","93684"
"2008-01-28",1,28,"277992","237114","3484756","34188","102100","70519","17851","86351","86","103185"
"2008-01-27",1,27,"416599","367319","4652896","47274","120443","86255","35743","106678","403","187520"
"2008-01-26",1,26,"145534","108901","2713925","26343","75881","48434","4543","42359","154","50044"
"2008-01-25",1,25,"287637","234640","4142098","42231","120102","80128","7493","95247","510","104259"
"2008-01-24",1,24,"215984","170068","3612361","35634","108774","71941","3743","67164","197","72939"
"2008-01-23",1,23,"266427","212587","3475141","38118","124567","69095","9993","104005","202","83132"
"2008-01-22",1,22,"372628","307583","4530519","47467","157838","79269","11376","146572","183","135228"
"2008-01-21",1,21,"447810","371312","5010972","54511","172668","104368","34433","126175","214","182620"
"2008-01-20",1,20,"150866","134062","2396833","25883","72309","68058","4656","30169","230","47753"
"2008-01-19",1,19,"197952","161688","2710304","28113","85411","61443","16802","59390","132","60185"
"2008-01-18",1,18,"259040","215726","3982106","43228","124346","84524","6635","70118","380","97383"
"2008-01-17",1,17,"420148","343768","4735873","51824","169302","96330","32628","133980","350","156860"
"2008-01-16",1,16,"138329","98904","1751036","21754","68015","40221","11078","51631","99","35300"
"2008-01-15",1,15,"131681","112884","1827922","18377","57236","47208","8491","30697","105","45180"
"2008-01-14",1,14,"160335","127915","2359353","24806","82735","48631","8864","51403","221","51216"
"2008-01-13",1,13,"144980","119204","2424088","24796","76006","49849","4015","34356","300","56460"
"2008-01-12",1,12,"65249","60868","1155129","11009","28007","31213","2404","10991","149","20492"
"2008-01-11",1,11,"241810","212400","3096402","29938","104376","60430","12275","82149","208","86748"
"2008-01-10",1,10,"212610","176589","2874255","29222","89250","60815","9111","67694","604","74386"
"2008-01-09",1,9,"134910","119755","2252364","21594","64491","46980","5282","41523","88","41037"
"2008-01-08",1,8,"257934","219906","3341495","32217","100728","71264","5775","90032","317","90546"
"2008-01-07",1,7,"290888","250359","3327175","34349","98654","75418","17788","91781","364","105537"
"2008-01-06",1,6,"342227","308884","4728902","50209","122858","111872","20881","69042","845","139587"
"2008-01-05",1,5,"339389","303455","4577289","41944","113435","110653","13756","68403","712","145865"
"2008-01-04",1,4,"307966","276650","4359555","46915","100933","83841","28500","69609","525","125491"
"2008-01-03",1,3,"325092","304216","5021836","51810","123165","121190","6212","68293","979","128418"
"2008-01-02",1,2,"455901","425362","6315141","68579","169129","156632","12404","89923","2617","194325"
"2008-01-01",1,1,"398233","340883","5169837","63489","149566","117158","20033","97019","1227","162796"
"2007-12-31",12,31,"211958","237308","13140630","121562","278881","87886","18494","75557","303","92764"
"2007-12-30",12,30,"288282","289728","14233314","138118","315477","124154","13786","75700","607","116027"
"2007-12-29",12,29,"245724","276694","13731063","127343","285970","111003","4304","59894","890","107184"
"2007-12-28",12,28,"672693","636042","14567932","148200","349954","172588","46086","160999","1277","312713"
"2007-12-27",12,27,"536521","506056","15052484","154146","379820","160049","19579","135221","1535","238735"
"2007-12-26",12,26,"434814","426690","14936254","149400","369556","143754","26505","86267","1904","202979"
"2007-12-25",12,25,"106214","163934","12766623","123444","276251","67353","18598","53688","218","72033"
"2007-12-24",12,24,"129465","206634","12738610","117192","251272","104539","10222","24999","274","77324"
"2007-12-23",12,23,"705253","664323","14379759","153593","350651","184827","47072","208145","824","282124"
"2007-12-22",12,22,"545916","530451","13908652","140336","325291","157993","38658","129043","2068","235156"
"2007-12-21",12,21,"620612","594083","15081062","152539","382501","166266","34470","152245","1155","276835"
"2007-12-20",12,20,"399924","378943","15120393","151589","377367","128580","26293","95132","1341","166931"
"2007-12-19",12,19,"229926","248867","15020210","147089","349429","98442","7034","56833","999","100824"
"2007-12-18",12,18,"159520","198187","14692517","143724","333993","82556","2593","53084","418","82580"
"2007-12-17",12,17,"233903","269574","14497909","141873","340730","95156","8500","73553","237","110299"
"2007-12-16",12,16,"417576","401559","13289259","136166","327560","114193","53500","124344","343","161734"
"2007-12-15",12,15,"387041","337721","12511429","122480","316140","103632","40060","132067","302","142579"
"2007-12-14",12,14,"301222","295379","14812095","149094","364248","96538","18348","91221","518","140800"
"2007-12-13",12,13,"240150","231525","13690593","137199","335256","84487","32156","80786","230","93075"
"2007-12-12",12,12,"144312","152740","14274307","136741","347568","65951","9476","71043","179","75509"
"2007-12-11",12,11,"225084","213103","13118176","124148","329382","62247","33305","104250","42","100833"
"2007-12-10",12,10,"321774","299641","14211420","141454","366127","91002","20403","127259","256","135515"
"2007-12-09",12,9,"291946","274929","13800320","142996","333606","86393","30024","105604","346","131638"
"2007-12-08",12,8,"61618","98327","12248192","112938","267170","56119","12156","43414","318","48674"
"2007-12-07",12,7,"314732","284209","14672610","141656","369686","90522","16806","123006","241","131321"
"2007-12-06",12,6,"169412","168356","14751381","141214","363122","64884","8326","96179","321","78136"
"2007-12-05",12,5,"366690","333926","13967498","136952","378696","84863","26761","144282","56","172036"
"2007-12-04",12,4,"136084","141343","13876244","132929","342162","59781","10611","96080","16","68807"
"2007-12-03",12,3,"208244","226563","14423120","136219","345112","82753","9615","91812","205","95750"
"2007-12-02",12,2,"341383","321563","13645835","136839","331720","105924","18923","109392","443","153241"
"2007-12-01",12,1,"136436","146976","11791348","112107","265168","59689","34554","68921","274","62729"
"2007-11-30",11,30,"235304","249492","14701877","140134","336503","70805","18771","91244","436","136000"
"2007-11-29",11,29,"44283","90532","14882437","134278","327824","45183","2760","62449","140","47485"
"2007-11-28",11,28,"14676","68037","14509779","135799","328449","47527","1518","37462","132","39050"
"2007-11-27",11,27,"121602","170431","14632412","137168","333758","66070","3682","57726","117","67432"
"2007-11-26",11,26,"441047","436635","14916269","146711","359544","110752","35098","158858","630","177288"
"2007-11-25",11,25,"249040","261203","15029878","147648","351171","93772","15298","91516","207","113215"
"2007-11-24",11,24,"35640","101086","13736179","125622","279845","55891","3729","28829","191","46605"
"2007-11-23",11,23,"-68012","20294","12523851","108519","244095","34055","846","12298","65","16801"
"2007-11-22",11,22,"-15848","52663","10827190","94175","220677","36569","3530","17275","32","29659"
"2007-11-21",11,21,"240950","232270","15065507","144020","378623","74586","12942","105273","165","114503"
"2007-11-20",11,20,"250234","283171","14964221","142361","356477","69937","11580","108104","321","128165"
"2007-11-19",11,19,"401734","416649","14394566","140776","357542","81328","30682","150595","241","200727"
"2007-11-18",11,18,"127106","179562","14450000","137978","319868","62028","6547","67502","338","83407"
"2007-11-17",11,17,"-19819","71710","12927732","116869","251377","46167","684","15777","1588","28061"
"2007-11-16",11,16,"170140","212543","15028778","141565","357791","68993","6173","72026","302","94067"
"2007-11-15",11,15,"218436","238091","14933766","140344","360127","70803","6242","102273","172","101352"
"2007-11-14",11,14,"166153","190287","14686442","137621","354705","56893","9282","93867","110","91403"
"2007-11-13",11,13,"-5638","66665","14455783","135304","329815","43524","1178","36191","252","35427"
"2007-11-12",11,12,"35569","114144","14932915","142267","328566","59738","2522","37369","292","47768"
"2007-11-11",11,11,"9916","90808","14435448","138518","310674","58999","2505","25174","173","42754"
"2007-11-10",11,10,"-50937","41563","12832270","112783","254196","38108","1611","12771","571","23396"
"2007-11-09",11,9,"136997","193528","14978492","145056","342319","65917","3845","68163","213","83571"
"2007-11-08",11,8,"50665","120292","15015339","140374","338208","59534","1694","42312","219","54532"
"2007-11-07",11,7,"-16766","58367","14775360","137444","332753","46047","1257","24892","88","32491"
"2007-11-06",11,6,"58307","105042","14383640","131715","335773","40449","4702","61971","80","53526"
"2007-11-05",11,5,"48717","107537","14884790","138159","333226","48426","4799","54373","174","56892"
"2007-11-04",11,4,"113","82579","14437604","134719","309366","49656","1621","28490","304","40374"
"2007-11-03",11,3,"-55904","28187","12580033","107499","252357","31513","2787","17428","461","17783"
"2007-11-02",11,2,"32456","87298","14923953","140934","349367","49638","3604","40418","129","47662"
"2007-11-01",11,1,"10206","70455","14910925","140186","338481","43271","1706","31220","47","39266"
"2007-10-31",10,31,"-55811","22548","14196042","130650","301411","36175","3333","22182","487","29626"
"2007-10-30",10,30,"-72586","13128","14323403","135288","305017","33095","841","18379","2339","25947"
"2007-10-29",10,29,"15989","85597","14842825","138086","324847","53308","1812","32060","170","43910"
"2007-10-28",10,28,"83213","149334","14324502","132138","314688","66384","2289","41594","558","63859"
"2007-10-27",10,27,"21258","83744","12677334","109544","259684","45785","2713","37255","336","32023"
"2007-10-26",10,26,"254546","266879","14898871","145954","352250","79067","12136","109509","336","116624"
"2007-10-25",10,25,"187039","204247","14953332","142337","350264","72860","7983","89095","236","87854"
"2007-10-24",10,24,"244301","214116","14565617","137833","376156","67359","16049","120482","71","99740"
"2007-10-23",10,23,"160696","163244","14246082","133289","338671","64902","13001","86080","199","67407"
"2007-10-22",10,22,"277457","259541","14844814","146901","359670","87300","18330","93132","570","125199"
"2007-10-21",10,21,"151368","183155","14363051","139815","321804","77618","4709","53814","324","89963"
"2007-10-20",10,20,"1826","63503","12655228","111209","253357","48719","1508","23678","103","28196"
"2007-10-19",10,19,"414664","361029","14701445","141066","385250","99286","16351","176821","394","156087"
"2007-10-18",10,18,"328860","297542","14862689","142389","376725","83496","17601","136310","156","140473"
"2007-10-17",10,17,"171136","153477","14568659","136341","352722","53403","5953","81643","177","83051"
"2007-10-16",10,16,"79486","118404","14266787","133501","324140","57856","5382","50598","155","55019"
"2007-10-15",10,15,"316466","324295","14604033","141851","346805","70812","47125","91471","357","177342"
"2007-10-14",10,14,"124878","166692","14349486","138001","317371","73149","4521","47473","627","77615"
"2007-10-13",10,13,"-37045","47480","12727218","112559","243293","39626","3676","13297","8","26376"
"2007-10-12",10,12,"161772","199502","14969252","141570","347732","69728","7039","68229","202","89323"
"2007-10-11",10,11,"187967","207391","14818260","141180","349444","55530","10648","117916","102","87379"
"2007-10-10",10,10,"91755","137050","14633316","135424","343713","52185","3724","66763","111","63800"
"2007-10-09",10,9,"218284","197460","14192967","138255","378478","63339","17022","142930","88","78803"
"2007-10-08",10,8,"192150","219177","14858131","150045","355508","67921","21559","80242","1720","98100"
"2007-10-07",10,7,"71798","120601","14336368","138353","320186","64552","2924","37339","282","58970"
"2007-10-06",10,6,"13907","75580","12723427","113602","262441","41353","3752","29890","230","33767"
"2007-10-05",10,5,"205264","209181","14948754","147350","369099","70605","8437","82682","537","99443"
"2007-10-04",10,4,"97549","131606","14980349","143821","351249","63562","12437","41206","344","62585"
"2007-10-03",10,3,"28901","71702","14657434","137103","336230","45310","4722","45988","75","36647"
"2007-10-02",10,2,"77842","100310","14335019","133565","333516","46665","8990","60227","104","60324"
"2007-10-01",10,1,"31027","90014","14893898","140400","331096","57342","1178","29574","214","43371"
"2007-09-30",9,30,"93081","129095","14449718","137057","318659","61376","8264","50556","632","58321"
"2007-09-29",9,29,"-27526","43129","12670233","112558","250191","39097","1666","20064","196","24279"
"2007-09-28",9,28,"123047","147327","14931926","141940","354574","69509","3531","55713","261","69243"
"2007-09-27",9,27,"262388","223492","14807680","143907","398810","75721","17976","119035","1032","108257"
"2007-09-26",9,26,"67141","88721","14439748","135043","347299","53195","5137","53969","146","49140"
"2007-09-25",9,25,"188354","189379","13891425","129732","340179","56126","11478","110815","48","103512"
"2007-09-24",9,24,"27567","98124","14802575","140251","323725","56722","4114","29952","1310","49055"
"2007-09-23",9,23,"44617","105080","14397792","137456","317534","62765","4705","29535","252","49046"
"2007-09-22",9,22,"6289","71370","12613564","113347","256710","45368","2411","33605","122","36638"
"2007-09-21",9,21,"129561","165971","14889652","142133","347026","73415","8253","56699","195","76677"
"2007-09-20",9,20,"41111","93602","14910749","142390","331042","55553","7300","39248","166","44091"
"2007-09-19",9,19,"-4045","51524","14466618","135552","323249","45546","3151","29206","240","31153"
"2007-09-18",9,18,"7725","58968","14174603","133638","320795","45763","4389","40765","61","36253"
"2007-09-17",9,17,"74083","122152","14824429","142236","338205","74271","2189","33604","235","56772"
"2007-09-16",9,16,"60714","124266","14419335","137230","311204","70399","3261","29402","243","56684"
"2007-09-15",9,15,"-25787","58184","12650781","111324","247024","52891","886","12870","304","24584"
"2007-09-14",9,14,"244240","258241","14891888","143475","352099","85711","24112","102875","518","108847"
"2007-09-13",9,13,"102271","146282","14878194","139982","338907","59326","22865","53585","389","70197"
"2007-09-12",9,12,"27875","87030","14488324","136258","322851","53671","3669","37420","172","41538"
"2007-09-11",9,11,"185148","195257","14030643","129508","336672","58671","16949","110904","748","84043"
"2007-09-10",9,10,"282226","292806","14399809","145899","349922","73089","41230","103167","397","137876"
"2007-09-09",9,9,"118719","163531","14376266","141080","317781","66406","14024","48803","546","80965"
"2007-09-08",9,8,"-32814","49853","12682339","114329","248721","44110","1967","20910","930","26948"
"2007-09-07",9,7,"154980","183688","14954131","141456","357561","61463","4485","86985","481","96111"
"2007-09-06",9,6,"52545","84496","14930688","139911","354154","50092","3889","50536","62","59151"
"2007-09-05",9,5,"52661","88609","14497968","141422","339130","52697","5191","45218","155","52501"
"2007-09-04",9,4,"44614","110239","14910524","141967","330818","58860","8294","33306","191","50665"
"2007-09-03",9,3,"35411","122035","14741166","139577","310746","58714","6704","32579","958","67082"
"2007-09-02",9,2,"-98500","12488","12629218","110948","231237","36240","1086","8332","121","16353"
"2007-09-01",9,1,"-15301","75154","12800550","115293","248834","51479","3713","15627","133","26814"
"2007-08-31",8,31,"242825","250855","15325361","150906","374774","99805","14086","78395","188","113110"
"2007-08-30",8,30,"276179","268822","15148823","148520","384563","86961","26807","101626","335","129123"
"2007-08-29",8,29,"192873","211493","14890517","145714","358052","66789","34034","80450","284","111650"
"2007-08-28",8,28,"-1875","57133","14807248","138978","326648","49554","3528","34857","129","38862"
"2007-08-27",8,27,"106030","145223","15256599","145931","352846","68717","9261","51196","145","70032"
"2007-08-26",8,26,"147069","195933","14896296","144815","332521","81531","20678","53063","366","85411"
"2007-08-25",8,25,"203541","237621","13504472","124352","294030","80480","18370","74779","360","98448"
"2007-08-24",8,24,"422195","398602","14973327","154899","376647","114461","33275","133117","456","184744"
"2007-08-23",8,23,"370378","346933","14545968","142243","364894","83959","44579","147490","536","151702"
"2007-08-22",8,22,"238939","242162","14952346","143268","363347","81260","13722","103868","869","106143"
"2007-08-21",8,21,"300580","310344","14669271","141987","357336","91561","10078","126127","689","132998"
"2007-08-20",8,20,"442018","413706","15169582","146397","374947","118263","15056","152547","486","200053"
"2007-08-19",8,19,"394711","387298","14896240","142637","351303","107530","15519","127746","402","193102"
"2007-08-18",8,18,"180969","221505","14063151","128711","296302","93968","7775","47787","632","87944"
"2007-08-17",8,17,"419145","386278","15067454","148269","385900","114416","28805","142558","523","176770"
"2007-08-16",8,16,"395779","374788","15321677","147367","380377","98882","31095","120496","203","193025"
"2007-08-15",8,15,"147897","184060","15454628","146974","354311","80612","6483","50611","352","83431"
"2007-08-14",8,14,"186158","224906","15406105","150736","356937","78794","11229","65327","262","106527"
"2007-08-13",8,13,"137210","190142","15521237","151160","346592","85759","6211","38954","1100","82502"
"2007-08-12",8,12,"111810","192664","15155860","147797","310704","86373","5075","28664","1892","78235"
"2007-08-11",8,11,"47186","138583","14197034","130615","278804","65830","2640","20179","981","51066"
"2007-08-10",8,10,"354953","386542","15421897","153033","357097","122692","15889","103181","2341","160154"
"2007-08-09",8,9,"507412","477965","15134450","152380","397078","110095","37074","179324","495","234019"
"2007-08-08",8,8,"326909","352757","15365278","148661","357995","110486","27227","80887","592","158646"
"2007-08-07",8,7,"280234","300425","15321768","149644","356999","101099","19872","73095","616","139483"
"2007-08-06",8,6,"355778","365592","15430556","151890","358819","113226","21096","113459","408","150422"
"2007-08-05",8,5,"354142","350412","15061096","147387","360627","109332","20684","107571","630","165234"
"2007-08-04",8,4,"117058","181793","14168501","134960","288655","84165","3068","31933","500","64586"
"2007-08-03",8,3,"272733","266786","15328388","153326","382268","94786","15908","104928","376","112586"
"2007-08-02",8,2,"195312","227846","15554080","150701","362857","92171","5445","45843","406","109272"
"2007-08-01",8,1,"305591","317700","15366233","156663","369790","92456","22612","81640","417","163765"
"2007-07-31",7,31,"297990","316260","15332765","153156","365257","106710","27410","68424","1047","147739"
"2007-07-30",7,30,"471369","477052","15308175","153746","363187","163070","30140","97100","864","215363"
"2007-07-29",7,29,"645006","612993","14386074","153965","358739","123594","62857","196203","1534","299956"
"2007-07-28",7,28,"222665","262622","14017349","133687","302872","104082","11358","50606","1164","103103"
"2007-07-27",7,27,"467118","409043","15218873","152961","407381","112796","35690","175071","1279","176297"
"2007-07-26",7,26,"431408","387381","15389734","148559","408372","100426","17024","144898","490","207064"
"2007-07-25",7,25,"157306","179058","15474819","146853","363762","79358","6724","59914","803","87936"
"2007-07-24",7,24,"69003","137006","15458154","146484","334856","67854","2411","33525","519","60981"
"2007-07-23",7,23,"306696","318438","15426618","149924","361298","91557","13641","122265","737","137016"
"2007-07-22",7,22,"178322","217654","15150845","147537","335821","82135","10694","55335","667","95605"
"2007-07-21",7,21,"107795","170526","14222052","135992","287992","76389","10895","37624","469","60576"
"2007-07-20",7,20,"341132","359183","15513764","149385","363404","126513","16415","79369","862","158614"
"2007-07-19",7,19,"732769","651117","15020142","147838","410482","151793","56901","214338","543","332375"
"2007-07-18",7,18,"454882","408145","15023687","146125","390774","107621","48183","150396","2130","183982"
"2007-07-17",7,17,"287907","268047","15382053","146169","389081","85420","13282","104233","831","128506"
"2007-07-16",7,16,"237973","250472","15566670","148601","374253","93402","14804","70914","639","116593"
"2007-07-15",7,15,"263575","276710","15139326","145458","345166","97771","17357","79963","216","119205"
"2007-07-14",7,14,"147883","196027","14258298","132580","294305","77078","7550","45516","491","89414"
"2007-07-13",7,13,"147481","190085","15655908","148191","343068","83215","5709","43445","154","89250"
"2007-07-12",7,12,"182302","214847","15578428","146328","355085","88918","8415","50222","353","94504"
"2007-07-11",7,11,"447538","439913","15011218","145055","361204","130827","33524","132865","303","190089"
"2007-07-10",7,10,"616829","561766","15028529","146078","399831","129519","42648","221611","1190","252514"
"2007-07-09",7,9,"405240","402538","15322953","150829","373022","118360","28792","125104","1006","176559"
"2007-07-08",7,8,"265841","308181","15096523","149242","330709","97079","31733","62869","1210","138825"
"2007-07-07",7,7,"62448","137297","14343823","130977","288023","70158","4746","23328","541","54188"
"2007-07-06",7,6,"171445","195878","15126392","140683","344930","76939","13424","69034","510","95305"
"2007-07-05",7,5,"153218","159627","14570147","134123","329499","63388","12071","69960","426","75462"
"2007-07-04",7,4,"-38353","44533","13162251","119554","244911","40022","6113","19953","200","30558"
"2007-07-03",7,3,"78202","131151","14421237","135698","299088","53603","19699","42881","199","66595"
"2007-07-02",7,2,"249553","281528","15053806","149650","331832","92178","37177","67029","851","129477"
"2007-07-01",7,1,"366264","383823","14813072","152276","330184","116282","50853","97473","817","161350"
"2007-06-30",6,30,"230379","282798","14183220","136985","293332","103987","29657","48429","1167","103322"
"2007-06-29",6,29,"417868","415330","15423012","150805","370856","142401","28379","96269","1078","180429"
"2007-06-28",6,28,"623167","590430","14627249","151390","365967","176277","47587","165274","837","254425"
"2007-06-27",6,27,"660716","589286","14182438","148304","384566","133598","67662","230039","512","259094"
"2007-06-26",6,26,"467628","446174","14686313","141671","368915","114851","46173","132729","606","208157"
"2007-06-25",6,25,"515683","462730","15109467","149987","399359","102512","57310","158430","674","236892"
"2007-06-24",6,24,"127184","185945","15019393","141895","319474","88130","4135","33828","1727","73320"
"2007-06-23",6,23,"59070","134711","14187189","128949","283713","70035","1689","19182","620","46559"
"2007-06-22",6,22,"246380","264114","15411452","145209","360616","95595","20004","69382","464","109867"
"2007-06-21",6,21,"260960","255308","15369029","147188","373325","93418","14890","95861","621","108408"
"2007-06-20",6,20,"377720","392067","15277368","143148","369655","139514","14669","76408","545","183544"
"2007-06-19",6,19,"509814","456475","14896395","141492","390970","120793","48013","200720","647","177275"
"2007-06-18",6,18,"366295","356753","15280657","146424","374888","110766","17946","117192","938","164524"
"2007-06-17",6,17,"355536","390875","15013517","152073","324269","104386","43902","73578","381","190077"
"2007-06-16",6,16,"347832","359925","14105102","131384","319701","80790","39695","100656","737","175306"
"2007-06-15",6,15,"209705","242301","15449191","147341","348167","88617","6560","62259","606","107984"
"2007-06-14",6,14,"309740","292746","15412698","152272","384378","97154","17105","107365","469","138984"
"2007-06-13",6,13,"360489","331600","15063560","149080","376920","105765","24613","125403","207","156249"
"2007-06-12",6,12,"442937","395558","14773857","146802","374092","92149","49593","182902","1149","174468"
"2007-06-11",6,11,"310099","274897","15322326","165089","385197","89857","16866","140889","278","118693"
"2007-06-10",6,10,"138997","166752","15054098","144258","337340","72521","6282","58297","527","68655"
"2007-06-09",6,9,"149037","217787","13977845","127254","277172","101603","4778","34174","675","75046"
"2007-06-08",6,8,"648187","559227","14847204","150058","402959","112342","61192","255418","627","253276"
"2007-06-07",6,7,"204726","220979","15228149","141183","347457","77704","7829","85022","720","95356"
"2007-06-06",6,6,"164994","178599","14853280","140412","346277","70960","12262","68253","1151","84965"
"2007-06-05",6,5,"187056","207679","14702828","136465","329770","80348","7925","67918","575","90177"
"2007-06-04",6,4,"364103","363908","14732340","140340","351678","90296","36135","127440","392","160581"
"2007-06-03",6,3,"406012","385345","14503642","142382","339227","87971","45871","127847","497","191829"
"2007-06-02",6,2,"99255","149343","13321973","119535","273968","68445","9857","39598","699","59047"
"2007-06-01",6,1,"305322","270110","14950000","144013","382204","79496","14630","143498","434","124350"
"2007-05-31",5,31,"180246","188380","15033034","140617","363787","70497","6985","86891","142","88771"
"2007-05-30",5,30,"202329","237178","14537279","136608","328906","68542","34573","68457","292","116576"
"2007-05-29",5,29,"122128","159099","14742430","141648","335277","65798","17855","52976","580","72554"
"2007-05-28",5,28,"61826","126865","14424158","132077","300273","46242","9726","42519","316","76617"
"2007-05-27",5,27,"25712","72180","12874822","114426","258868","42570","7354","40470","137","42607"
"2007-05-26",5,26,"97546","145060","13082754","114671","265386","50821","6061","57221","769","60832"
"2007-05-25",5,25,"211993","240318","15129579","146124","342845","82927","7868","52391","407","119819"
"2007-05-24",5,24,"371075","342991","14734326","140369","362743","79912","28725","130697","504","174315"
"2007-05-23",5,23,"157517","169391","14863293","137776","339661","60740","5385","74137","624","82241"
"2007-05-22",5,22,"162228","185735","14520390","136934","328624","62300","16695","59937","226","95524"
"2007-05-21",5,21,"49851","99877","14938325","137689","328777","55077","2086","27966","568","44972"
"2007-05-20",5,20,"91637","146010","14522251","131689","306419","61588","4024","45521","464","62451"
"2007-05-19",5,19,"-11700","74079","13366357","115809","253260","44042","1196","21608","298","33674"
"2007-05-18",5,18,"173276","192420","14997101","140249","348817","62662","8956","80033","277","83384"
"2007-05-17",5,17,"110774","141739","14999916","136741","337886","69125","3376","40079","959","60997"
"2007-05-16",5,16,"334824","313910","14527684","134173","356306","75135","25763","144740","175","145247"
"2007-05-15",5,15,"283578","253874","14259706","133331","350705","69563","20569","139259","139","119748"
"2007-05-14",5,14,"92790","128942","14886727","138925","333256","54832","13140","50744","266","57639"
"2007-05-13",5,13,"54354","107871","14448056","136795","304216","46415","17094","44082","257","51417"
"2007-05-12",5,12,"33631","93586","13283640","119383","269504","45210","13963","32567","242","44050"
"2007-05-11",5,11,"205904","240241","14895587","141275","344880","77342","18447","82458","323","98123"
"2007-05-10",5,10,"278133","271775","14814336","141657","370483","74599","21241","127468","490","123804"
"2007-05-09",5,9,"93746","109403","14698881","136245","350653","48390","10725","72925","101","58046"
"2007-05-08",5,8,"-30755","34710","14486975","132685","308166","40117","2801","28351","82","26293"
"2007-05-07",5,7,"105362","144581","14866791","138253","335646","65762","5309","50976","375","68642"
"2007-05-06",5,6,"256952","250712","14472698","137781","324850","96006","10551","82576","1240","118338"
"2007-05-05",5,5,"76577","111369","13211840","119053","259797","53272","9687","46079","91","53409"
"2007-05-04",5,4,"166790","174325","14943580","140561","343733","73307","6778","57568","306","81147"
"2007-05-03",5,3,"186551","179987","14825624","137661","351670","71315","16751","68815","565","93483"
"2007-05-02",5,2,"140178","134701","14563598","134725","349027","53105","17912","82088","212","71494"
"2007-05-01",5,1,"101846","106010","14372295","133142","340540","52103","10671","72377","259","61120"
"2007-04-30",4,30,"86143","122336","14766950","136371","339005","52610","6920","58538","218","61630"
"2007-04-29",4,29,"18324","93198","14432564","129897","300269","54166","2450","28589","354","44101"
"2007-04-28",4,28,"-42062","52035","13231860","113677","251020","39450","2417","18867","314","26911"
"2007-04-27",4,27,"266016","290199","14795071","139833","343536","75703","13571","104240","308","137224"
"2007-04-26",4,26,"272074","272475","14627537","136766","350583","77215","14850","115196","690","121219"
"2007-04-25",4,25,"341939","329605","14163703","132230","342212","79056","21172","135773","187","163644"
"2007-04-24",4,24,"110112","118868","13936600","125213","320814","48510","18844","65351","345","67232"
"2007-04-23",4,23,"21693","77555","14843555","132223","316073","44993","2056","36364","240","36950"
"2007-04-22",4,22,"62125","114049","14425213","130232","308876","58191","3697","36191","239","57241"
"2007-04-21",4,21,"-19054","62092","13270819","114818","252556","38318","3787","23182","752","35061"
"2007-04-20",4,20,"52394","110446","14964447","136622","329039","55916","2575","31605","72","55881"
"2007-04-19",4,19,"51509","102464","14888318","135594","326971","54705","1972","37528","250","45947"
"2007-04-18",4,18,"137133","159346","14641399","134324","334172","65768","3069","62627","860","78287"
"2007-04-17",4,17,"182465","186772","14357893","134071","327340","60675","10748","97013","352","84656"
"2007-04-16",4,16,"298456","341920","14488436","135418","312113","96210","16410","98592","813","147530"
"2007-04-15",4,15,"316461","324325","13870214","130750","303536","98866","16482","106726","519","139251"
"2007-04-14",4,14,"117542","164016","13405574","117126","270740","73568","7389","37654","565","66590"
"2007-04-13",4,13,"291298","280306","14716765","139787","339194","79580","28394","105294","271","127377"
"2007-04-12",4,12,"448483","442338","14656750","141013","346278","105006","26350","139158","661","220462"
"2007-04-11",4,11,"404430","367263","14358115","140890","359191","92893","31095","132621","419","197069"
"2007-04-10",4,10,"83396","112265","14795018","134300","336073","59020","3285","46123","525","53205"
"2007-04-09",4,9,"62959","128884","14962557","136689","322295","61238","1255","33690","329","52619"
"2007-04-08",4,8,"46025","115401","14524765","129411","299589","58466","2331","39260","582","50019"
"2007-04-07",4,7,"68920","117699","13509232","115820","287249","58955","4345","40294","335","48693"
"2007-04-06",4,6,"203064","231763","15077702","136532","344601","76097","4359","88963","297","101252"
"2007-04-05",4,5,"247506","273110","15037205","136498","349398","77585","7682","100769","2425","121554"
"2007-04-04",4,4,"360453","347813","14851208","135487","366930","90191","16265","141045","162","163565"
"2007-04-03",4,3,"273295","258027","14541748","136554","347068","75375","28302","109443","186","126634"
"2007-04-02",4,2,"146030","202120","14970020","136104","329107","76291","7989","56772","294","87862"
"2007-04-01",4,1,"220341","259607","14492160","136191","314837","94015","7363","77657","889","106952"
"2007-03-31",3,31,"206730","246397","13379537","123098","288799","95293","14939","54907","783","102130"
"2007-03-30",3,30,"239711","268579","14766389","141518","333255","80807","26587","73066","788","122054"
"2007-03-29",3,29,"253106","256288","14717630","136282","353102","87840","14505","92761","375","124409"
"2007-03-28",3,28,"260629","251150","14847683","134067","363719","68320","7263","123003","414","131151"
"2007-03-27",3,27,"63229","114367","14851208","135356","334557","54372","4156","55608","321","52980"
"2007-03-26",3,26,"110652","158664","14962285","138448","327086","65578","10462","48740","295","74792"
"2007-03-25",3,25,"70536","144422","14570624","133154","308621","75856","5155","27797","1443","54400"
"2007-03-24",3,24,"158620","232429","13440950","117827","268720","83822","7813","51125","373","95696"
"2007-03-23",3,23,"270456","299543","15013739","139270","343119","94372","8100","106803","578","128275"
"2007-03-22",3,22,"457330","447061","14847391","137482","356822","95629","28373","151438","500","231960"
"2007-03-21",3,21,"200453","224125","14611244","132603","335437","60933","9051","102016","270","113506"
"2007-03-20",3,20,"89250","137187","14869562","134080","333373","63034","3185","49402","375","63949"
"2007-03-19",3,19,"188500","229035","15019996","140131","339454","92208","5584","64763","342","94989"
"2007-03-18",3,18,"235532","304297","14485965","134859","311595","107332","13035","60442","604","119883"
"2007-03-17",3,17,"358724","405245","12636079","124292","270287","132537","33396","60130","596","180710"
"2007-03-16",3,16,"197586","212035","11919634","118775","275352","84999","27255","58058","263","74419"
"2007-03-15",3,15,"238735","255800","14948949","140178","349053","86258","9053","84654","226","109299"
"2007-03-14",3,14,"177530","203500","14877051","135501","345547","64891","22944","76254","91","101287"
"2007-03-13",3,13,"113276","163463","14749763","134810","331112","53802","26328","57604","133","86206"
"2007-03-12",3,12,"118862","183936","14977172","141885","329826","66027","8540","50234","356","96376"
"2007-03-11",3,11,"145326","205676","14558197","137529","308529","86140","6570","48160","349","80270"
"2007-03-10",3,10,"60577","125878","13350416","119308","268068","58044","4501","32474","212","49972"
"2007-03-09",3,9,"95242","156239","15042706","140720","332681","73451","2612","43321","197","61995"
"2007-03-08",3,8,"91060","147766","15020169","136263","343277","66954","3913","44420","731","67067"
"2007-03-07",3,7,"314373","295337","14768586","139354","386010","77947","21155","110495","164","169078"
"2007-03-06",3,6,"86991","131597","14653712","131435","333295","63782","5188","57497","163","62270"
"2007-03-05",3,5,"109356","156259","14873410","138333","328237","65648","5010","65237","147","70109"
"2007-03-04",3,4,"112080","171486","14413101","130533","313351","79927","3753","43544","675","64689"
"2007-03-03",3,3,"169663","220937","13123778","118513","271936","94930","6372","52460","765","85193"
"2007-03-02",3,2,"532904","509485","14438034","137693","351846","148659","24485","164383","568","229195"
"2007-03-01",3,1,"536284","465266","14222647","135397","371686","119189","35577","193514","640","223616"
"2007-02-28",2,28,"115528","135318","14700565","137011","343072","69117","5809","49939","258","68500"
"2007-02-27",2,27,"176269","207170","14544226","134846","337124","74106","15958","62971","209","92007"
"2007-02-26",2,26,"449268","452057","14394935","142097","348026","133603","26344","116026","586","207151"
"2007-02-25",2,25,"500813","472055","12894627","135173","321558","148254","69643","104076","414","208039"
"2007-02-24",2,24,"216187","229176","11771096","110312","255019","77958","35717","70078","433","89761"
"2007-02-23",2,23,"229613","242733","14897489","137391","349112","86337","10313","68725","261","116017"
"2007-02-22",2,22,"277176","291327","14783759","136377","339638","86157","9386","103905","1125","127771"
"2007-02-21",2,21,"227866","261789","14427667","133987","323775","82533","50180","55695","277","114472"
"2007-02-20",2,20,"85000","124950","14683783","138729","323965","62584","2459","42692","370","53439"
"2007-02-19",2,19,"213649","255480","14785923","140938","334891","93170","5479","58921","1246","118024"
"2007-02-18",2,18,"161771","208280","14140675","133888","311719","86257","14767","53101","462","83309"
"2007-02-17",2,17,"295266","322517","13080023","125397","293605","117552","12329","67309","690","139738"
"2007-02-16",2,16,"534713","535415","14596938","154492","348347","167463","31798","102409","1449","246894"
"2007-02-15",2,15,"693230","672018","14073562","152651","350249","194668","63927","143529","1335","303667"
"2007-02-14",2,14,"474173","428565","11246035","129624","301474","126957","70425","117614","311","188264"
"2007-02-13",2,13,"323037","272482","11615984","115287","316764","78604","48771","119906","77","120671"
"2007-02-12",2,12,"252176","247442","14199685","137531","345980","76443","15162","89918","241","134910"
"2007-02-11",2,11,"84652","133909","13858055","130022","290640","70687","3156","28983","417","57124"
"2007-02-10",2,10,"26021","94551","12562711","111003","242989","59506","3286","20597","984","35697"
"2007-02-09",2,9,"198982","219351","14465006","136664","333285","85685","7553","65659","256","93099"
"2007-02-08",2,8,"166503","180983","14388804","134335","329605","71129","17965","62605","207","77985"
"2007-02-07",2,7,"172850","191707","13906179","132450","324063","82481","9641","59989","81","87471"
"2007-02-06",2,6,"278708","268261","13375097","138047","329317","76906","34593","116866","597","131794"
"2007-02-05",2,5,"234937","259654","14176551","139614","326074","91260","17778","69757","638","117296"
"2007-02-04",2,4,"140337","175749","13754048","129970","291390","82921","9622","53086","141","75215"
"2007-02-03",2,3,"160577","168967","12483808","110726","266465","65721","10518","79547","124","73765"
"2007-02-02",2,2,"299525","261047","14306172","137727","355599","96097","16696","105852","355","117501"
"2007-02-01",2,1,"296693","221972","13947500","134325","372054","74345","27021","118832","600","116418"
"2007-01-31",1,31,"124938","144320","13983823","129818","330832","58557","20263","49624","79","72851"
"2007-01-30",1,30,"41659","65257","13891461","127543","326373","49685","2925","43982","109","39486"
"2007-01-29",1,29,"131426","151156","14372137","134267","347067","60650","7471","69006","103","77545"
"2007-01-28",1,28,"150953","178564","13927013","130436","328479","69227","11446","64587","164","80121"
"2007-01-27",1,27,"27051","91134","12571893","108395","257321","52944","8508","20922","166","51527"
"2007-01-26",1,26,"170380","202574","14417320","133236","346703","78576","17408","70078","173","86829"
"2007-01-25",1,25,"77118","113872","14441843","132643","345335","53909","5990","57450","99","53011"
"2007-01-24",1,24,"-2724","34127","14112751","129113","324001","38985","2435","36177","34","26270"
"2007-01-23",1,23,"-2473","37828","13877497","126943","315659","38573","1709","30174","39","32710"
"2007-01-22",1,22,"233031","235967","14292056","137066","346229","96668","16353","68288","134","110994"
"2007-01-21",1,21,"521254","424869","13486510","152790","384915","108597","57248","173619","444","227971"
"2007-01-20",1,20,"34251","82973","12416509","108827","260735","46723","9290","33724","132","31312"
"2007-01-19",1,19,"269247","260383","14350389","134646","359937","91214","11149","95788","340","117726"
"2007-01-18",1,18,"387189","325436","14177729","141946","375227","78874","34345","152273","338","165986"
"2007-01-17",1,17,"160042","185631","13407891","125358","326813","59156","34210","61935","31","95084"
"2007-01-16",1,16,"220718","224663","13540451","130019","340570","77083","19499","89942","102","96158"
"2007-01-15",1,15,"538275","493085","13891392","149575","371281","103293","64675","151326","218","249493"
"2007-01-14",1,14,"267451","263486","12835310","128327","321031","77219","28289","96801","310","121975"
"2007-01-13",1,13,"61635","118904","11846391","106838","243845","54294","15595","31149","901","45567"
"2007-01-12",1,12,"258180","266660","14146564","136628","332674","70016","18616","111241","216","126517"
"2007-01-11",1,11,"121323","146100","14489430","131933","341168","53498","8921","73488","193","81664"
"2007-01-10",1,10,"19456","59548","14169629","127720","326687","41847","4084","40369","472","35377"
"2007-01-09",1,9,"70178","116409","13959919","125232","316517","43322","1877","63979","72","58645"
"2007-01-08",1,8,"80719","134800","14442392","131974","318618","60607","5593","50008","350","52348"
"2007-01-07",1,7,"189101","213452","14179089","134713","314675","87117","14726","59883","1248","84063"
"2007-01-06",1,6,"90957","158556","13128583","115810","264227","74573","4130","33233","586","57685"
"2007-01-05",1,5,"405980","394432","14545820","143305","349932","103502","33073","134987","1943","187689"
"2007-01-04",1,4,"272598","283599","14645733","136504","344079","87714","27740","89638","399","135622"
"2007-01-03",1,3,"139403","197165","14924865","138819","327852","76328","3836","50555","937","75045"
"2007-01-02",1,2,"182226","248204","15068479","143756","335336","95205","3526","47771","1022","89997"
"2007-01-01",1,1,"297730","345617","14089268","137640","304610","112256","10195","82315","770","137727"
